0.4112607,0.025366506,0.56337285
0.53908235,0.10776634,0.3531513
0.8622801,0.011685138,0.1260348
0.979219,9.30477e-05,0.020687904
0.5103487,0.047934294,0.4417171
0.44516557,0.02065246,0.5341819
0.30144122,0.09099554,0.60756326
0.21639189,0.0055979,0.7780102
0.4583772,0.0018038352,0.53981894
0.44306147,0.28719628,0.26974225
0.12609164,0.0961566,0.77775174
0.504518,0.053661563,0.4418204
0.33991817,0.02052521,0.63955665
0.07259657,0.034126624,0.8932768
0.46155417,0.020927805,0.5175181
0.62355906,0.014839031,0.3616019
0.42339757,0.003511939,0.5730905
0.82073474,0.0097642485,0.16950105
0.37904423,0.08327133,0.5376844
0.71632606,0.065792345,0.21788153
0.04022032,0.90029216,0.059487507
0.75154525,0.019951751,0.228503
0.55011153,0.0079433285,0.44194517
0.4033773,0.05998327,0.53663945
0.7810674,0.028767452,0.19016522
0.39935625,0.014040898,0.58660287
0.8662221,0.006839251,0.12693873
0.5786432,0.040671147,0.38068563
0.17617449,0.006024299,0.8178012
0.2903711,0.03369521,0.67593366
0.81390333,0.0018520086,0.18424468
0.5726184,0.12852694,0.29885468
0.6520672,0.07837954,0.2695533
0.63365334,0.025215952,0.3411307
0.77983934,0.0027432323,0.21741733
0.47935486,0.032404505,0.4882406
0.1614282,0.014971269,0.8236005
0.8488238,0.014750261,0.13642602
0.44349954,0.09028483,0.46621564
0.548405,0.035482068,0.4161129
0.3792185,0.0067517865,0.61402977
0.42962155,0.28956646,0.28081205
0.5274795,0.0027939158,0.46972656
0.59755784,0.10215388,0.30028826
0.6690319,0.14985082,0.1811172
0.5935973,0.004218902,0.40218383
0.5897554,0.0047274856,0.40551707
0.33176014,0.0042485637,0.6639914
0.3629722,0.0070541585,0.62997365
0.52636427,0.033285048,0.44035074
0.06769596,0.1802142,0.75208986
0.24465568,0.08176285,0.6735814
0.70072585,0.003724232,0.29554984
0.44427505,0.0023848119,0.55334014
0.18844087,0.354445,0.4571141
0.3712664,0.02748416,0.60124946
0.38197204,0.107768744,0.5102592
0.08735724,0.051087096,0.86155564
0.4626416,0.22217543,0.315183
0.58901197,0.115118094,0.29587004
0.11530455,0.5028726,0.38182285
0.9348952,0.0019258956,0.06317891
0.22777697,0.023513827,0.7487092
0.39081007,0.14393106,0.46525887
0.3511402,0.15874037,0.49011946
0.36182484,0.041296855,0.59687835
0.7140542,0.03926658,0.24667913
0.74330276,0.0130457105,0.24365155
0.5364854,0.076754704,0.3867599
0.410652,0.014017995,0.5753301
0.36012858,0.027789397,0.612082
0.5467752,0.01606869,0.43715614
0.4625387,0.02219843,0.5152629
0.46875733,0.019643236,0.51159936
0.5773369,0.14459397,0.27806917
0.60050285,0.0022477296,0.3972495
0.6429514,0.013819784,0.3432288
0.3744498,0.002536729,0.62301344
0.40411445,0.24607383,0.34981176
0.29266435,0.03719144,0.67014414
0.7857065,0.027579365,0.18671405
0.6357984,0.0065298104,0.35767177
0.42948157,0.06128768,0.50923073
0.919907,0.04107257,0.03902039
0.44455206,0.076304354,0.47914356
0.464485,0.102059685,0.43345532
0.73459613,0.02751443,0.23788944
0.71881574,0.022827223,0.258357
0.675874,0.0043378416,0.3197882
0.588328,0.0043205237,0.40735137
0.95037484,0.0053165173,0.044308666
0.24440975,0.034403875,0.7211864
0.6719216,0.0318952,0.29618317
0.35194317,0.0040824283,0.64397436
0.37296262,0.014776842,0.6122606
0.6093318,0.0224997,0.3681685
0.40944102,0.024518987,0.56604
0.5409757,0.000593775,0.4584306
0.41906723,0.20676477,0.374168
0.51425725,0.30987647,0.17586623
0.48823595,0.0068280003,0.5049361
0.25927323,0.11164282,0.62908393
0.573104,0.014616538,0.4122795
0.75245637,0.026733214,0.22081035
0.13000795,0.014220643,0.85577136
0.7175895,0.044193808,0.23821676
0.6766816,0.013523786,0.30979463
0.39839455,0.0041442392,0.5974612
0.9200412,0.0081873005,0.07177154
0.14704022,0.02053512,0.83242464
0.57951856,0.06042601,0.36005542
0.32678607,0.0013691725,0.6718448
0.6358301,0.0032465546,0.36092335
0.5186288,0.06469077,0.41668043
0.6447888,0.007454955,0.34775627
0.862567,0.059098516,0.078334495
0.61046565,0.07877831,0.3107561
0.39489067,0.014470561,0.5906388
0.54810023,0.11761201,0.33428773
0.16010399,0.0029059094,0.8369901
0.32832274,0.034775592,0.6369017
0.63390046,0.050077982,0.3160215
0.1738509,0.07790205,0.748247
0.8745734,0.00043842476,0.1249882
0.24062984,0.0009377696,0.7584324
0.5789464,0.0023168325,0.4187367
0.47558123,0.030923145,0.4934956
0.65208244,0.038093697,0.30982384
0.57634604,0.03780346,0.3858505
0.71395785,0.012371117,0.273671
0.91667503,0.002180157,0.08114482
0.7606546,0.02968577,0.20965958
0.56198287,0.24626255,0.1917545
0.3406489,0.12712353,0.5322275
0.7155834,0.0047472143,0.27966946
0.39546493,0.10086762,0.50366753
0.50371015,0.00812408,0.48816565
0.9535062,0.022827871,0.023665968
0.6633876,0.0023944143,0.3342179
0.3930584,0.0059633264,0.60097826
0.4036774,0.23876134,0.35756126
0.8181003,0.0027479106,0.17915188
0.2932064,0.14128199,0.5655116
0.38432252,0.020008737,0.5956688
0.6581249,0.0329134,0.3089617
0.5970949,0.0062920223,0.396613
0.50859684,0.040175807,0.4512273
0.5288142,0.12935145,0.3418343
0.56063074,0.025111686,0.41425762
0.30456662,0.047447484,0.64798594
0.55140954,0.01080837,0.43778208
0.5411764,0.005006839,0.45381683
0.7027091,0.016181016,0.28110993
0.6324449,0.00434616,0.36320892
0.536336,0.0050117555,0.45865226
0.54708034,0.017494578,0.43542507
0.489015,0.003795505,0.5071895
0.41987944,0.012293402,0.56782717
0.24896976,0.014043717,0.7369866
0.7402427,0.017745983,0.24201134
0.13874118,0.056264356,0.80499446
0.88769656,0.033230934,0.0790725
0.72521305,0.05138726,0.22339974
0.34448677,0.02498863,0.63052464
0.8431852,0.013835734,0.14297909
0.49972907,0.04402161,0.45624936
0.5283741,0.008399414,0.46322662
0.66208756,0.0451717,0.2927408
0.40131405,0.049781844,0.54890406
0.715462,0.0037251334,0.28081286
0.27512962,0.08666503,0.63820535
0.28863004,0.0055783237,0.70579165
0.28972584,0.019486982,0.6907872
0.57636297,0.014400824,0.40923625
0.57128763,0.054321423,0.3743909
0.39452288,0.003778875,0.6016982
0.4799743,0.20283136,0.31719434
0.7465591,0.013613782,0.23982716
0.6541771,0.09775145,0.24807145
0.35545522,0.079732075,0.5648128
0.5330486,0.009224688,0.45772663
0.8710052,0.03319709,0.09579773
0.4112604,0.065142795,0.5235968
0.12110922,0.017192008,0.86169875
0.6664706,0.018629503,0.31489995
0.37086776,0.014988469,0.6141437
0.7922383,0.019006167,0.18875553
0.15272945,0.014911195,0.8323593
0.3142243,0.010559562,0.6752161
0.7568204,0.038590916,0.20458865
0.707042,0.015625907,0.2773321
0.2651204,0.108462915,0.6264167
0.6165292,0.06513276,0.31833804
0.9128423,0.0049264133,0.08223129
0.5251698,0.13059461,0.3442357
0.5704377,0.020299885,0.4092624
0.4392859,0.0421411,0.51857305
0.14318016,0.107588984,0.74923086
0.58873385,0.058621798,0.35264432
0.23237379,0.23215337,0.53547287
0.8389237,0.00080350664,0.16027278
0.08964417,0.0851324,0.8252234
0.30234933,0.012601897,0.68504876
0.54473865,0.10168074,0.35358056
0.9003736,0.08998922,0.009637193
0.2825446,0.04271797,0.6747374
0.95219386,0.033526983,0.014279135
0.67597294,0.018173119,0.3058539
0.6929571,0.010957384,0.29608554
0.34414265,0.045752868,0.61010444
0.30970386,0.03421734,0.6560788
0.2408535,0.023863582,0.7352829
0.51065934,0.03178802,0.4575526
0.041379403,0.11769278,0.8409278
0.63571846,0.05150628,0.31277522
0.08149901,0.009095546,0.90940547
0.8168191,0.057836432,0.12534449
0.25258023,0.08410682,0.663313
0.72954017,0.021438133,0.24902171
0.5707227,0.0014019613,0.4278754
0.70241606,0.0020054444,0.29557848
0.59854937,0.031793598,0.369657
0.47014686,0.021858519,0.50799465
0.29478383,0.0020251186,0.70319104
0.17433554,0.016995078,0.8086694
0.5703181,0.1977455,0.23193638
0.3518065,0.01915462,0.6290389
0.65227675,0.01324816,0.3344751
0.68559164,0.022585498,0.29182285
0.22511989,0.44780293,0.3270772
0.83436817,0.07377697,0.09185493
0.5283865,0.019092033,0.45252144
0.054012373,0.0036997302,0.9422879
0.7306566,0.00888272,0.26046067
0.8010027,0.04850447,0.1504928
0.569373,0.008951755,0.42167524
0.56438655,0.09241063,0.34320286
0.59102327,0.006115399,0.4028614
0.27072695,0.09972626,0.6295468
0.79529697,0.08113961,0.123563424
0.40589494,0.19076358,0.40334144
0.5966523,0.002117083,0.4012306
0.4115338,0.018050188,0.57041603
0.8599545,0.0024966027,0.13754892
0.41766554,0.082411975,0.49992245
0.32234502,0.29022315,0.38743183
0.5738853,0.0035379992,0.42257664
0.5111667,0.08007211,0.4087612
0.73419106,0.045144714,0.22066417
0.73563194,0.015020829,0.24934721
0.76337546,0.014763749,0.2218608
0.58715796,0.0009838794,0.41185826
0.48224905,0.48930645,0.0284445
0.19608942,0.067684434,0.73622614
0.18771969,0.012316306,0.799964
0.76864606,0.0045033903,0.22685054
0.65050864,0.013796691,0.33569467
0.4554339,0.07580834,0.46875778
0.63892895,0.06271106,0.29836002
0.16120805,0.019779311,0.8190127
0.014377241,0.02446904,0.9611538
0.7259068,0.047526244,0.22656697
0.8322913,0.053237174,0.11447155
0.6549806,0.031008612,0.3140108
0.19678952,0.14319871,0.66001177
0.27883825,0.018059393,0.7031024
0.22387041,0.020106543,0.75602305
0.88778144,0.009207559,0.10301094
0.71035063,0.015753904,0.27389544
0.576659,0.056740876,0.3666001
0.0125727095,0.40121344,0.58621377
0.42641607,0.081319526,0.49226436
0.13260548,0.3462286,0.5211659
0.5344404,0.066550136,0.39900947
0.9754309,0.0012843366,0.023284772
0.60957384,0.16586745,0.22455876
0.8091408,0.00069665967,0.19016254
0.4016746,0.09358576,0.5047397
0.4919123,0.044103965,0.4639838
0.11898162,0.027979499,0.8530389
0.8408372,0.005583295,0.15357944
0.645639,0.010514929,0.343846
0.07012283,0.10619902,0.8236782
0.30398515,0.000998154,0.6950167
0.44617397,0.012289158,0.5415368
0.097198665,0.102221385,0.80057997
0.22379027,0.008156311,0.7680534
0.07916653,0.1232287,0.7976048
0.979836,0.0061280904,0.014035944
0.5565748,0.015504796,0.4279204
0.19413443,0.040588636,0.76527697
0.3893034,0.060999252,0.5496974
0.26405594,0.12324893,0.61269516
0.3471606,0.040989123,0.6118502
0.66203344,0.016862884,0.32110366
0.53760475,0.059628677,0.40276664
0.89049226,0.020164363,0.089343354
0.7649308,0.013230999,0.22183819
0.40043825,0.28587255,0.31368923
0.7735264,0.0053454638,0.2211281
0.6361465,0.00095603644,0.36289752
0.5921035,0.009348628,0.39854792
0.2416164,0.076253586,0.68213004
0.36427894,0.044160362,0.59156066
0.74180967,0.0050748265,0.25311548
0.57034916,0.05792314,0.3717277
0.6523487,0.015510252,0.33214098
0.6374119,0.056832075,0.30575606
0.5807134,0.064234056,0.35505256
0.9452777,0.00646741,0.0482549
0.44198045,0.026165662,0.5318539
0.38247886,0.029455459,0.5880657
0.58755445,0.0012810293,0.41116455
0.3896497,0.020201117,0.5901492
0.49607575,0.020020204,0.4839041
0.58825856,0.0062619313,0.40547955
0.16022766,0.042305987,0.7974664
0.7660385,0.0053783082,0.22858317
0.6485024,0.004935831,0.34656182
0.371225,0.0062393593,0.62253565
0.41281655,0.39149463,0.19568884
0.30572954,0.09862902,0.59564143
0.63393694,0.089850046,0.27621302
0.5322638,0.025256103,0.4424801
0.24093315,0.004348308,0.75471854
0.2655731,0.049808074,0.6846188
0.95314044,0.001161619,0.045697995
0.7357828,0.0108712865,0.25334594
0.25239426,0.05868037,0.6889254
0.8802357,0.0054604067,0.11430399
0.60598284,0.19523273,0.19878441
0.90743923,0.012973474,0.07958732
0.5326944,0.20684245,0.2604631
0.089463405,0.60371405,0.3068225
0.42535788,0.009409726,0.56523246
0.54343957,0.03777673,0.41878363
0.64672697,0.041022897,0.3122502
0.53413093,0.06827229,0.39759678
0.4831819,0.12244826,0.3943699
0.7106643,0.06837229,0.22096348
0.8275932,0.055557564,0.11684922
0.5186275,0.012438949,0.46893358
0.8143056,0.042879775,0.14281467
0.6858852,0.15231971,0.161795
0.7515836,0.19574477,0.052671608
0.68976164,0.14900959,0.16122872
0.6566091,0.14138001,0.2020109
0.19492966,0.0050648553,0.8000055
0.46167776,0.008175255,0.53014696
0.27918288,0.020176133,0.7006409
0.27208573,0.061603617,0.6663106
0.7743117,0.012879166,0.21280912
0.61399394,0.19463973,0.1913664
0.91207814,0.02105383,0.0668681
0.5407474,0.010254304,0.44899827
0.37283057,0.0038182605,0.6233511
0.1992184,0.25575233,0.5450293
0.6672861,0.060593188,0.2721208
0.57896256,0.050715372,0.37032205
0.27739742,0.05691968,0.66568285
0.7073548,0.05666805,0.23597723
0.78639954,0.022984099,0.19061638
0.49209386,0.06582286,0.4420832
0.37882894,0.0913319,0.5298392
0.64590067,0.070511475,0.28358787
0.7487474,0.050290268,0.20096229
0.6626867,0.005622138,0.33169106
0.39820993,0.0013843128,0.6004058
0.23506443,0.059259254,0.70567626
0.5428844,0.0023289388,0.45478654
0.40944707,0.07584083,0.51471215
0.42413813,0.012172273,0.56368953
0.3595331,0.19439012,0.44607675
0.12471476,0.14649639,0.72878885
0.17784776,0.011984825,0.81016743
0.34410194,0.0009488975,0.6549492
0.39576855,0.013293454,0.590938
0.03243765,0.11224047,0.8553219
0.48360646,0.010026184,0.5063674
0.62899584,0.02863506,0.3423691
0.50102955,0.003757707,0.49521273
0.44907185,0.022401856,0.5285263
0.32605478,0.052326158,0.6216191
0.7775661,0.008147291,0.2142867
0.6936695,0.01088219,0.29544827
0.40837443,0.11784296,0.47378254
0.31424004,0.13275766,0.55300236
0.37405607,0.10749827,0.5184457
0.7815766,0.116224036,0.102199346
0.72782177,0.010794329,0.26138383
0.17230512,0.23363094,0.59406394
0.6196963,0.038343728,0.34195995
0.46774298,0.0012874216,0.53096956
0.88832587,0.027613362,0.08406072
0.31016156,0.010248879,0.67958957
0.41935685,0.2024106,0.3782325
0.55360514,0.01641903,0.42997575
0.63851875,0.016760634,0.3447205
0.7163183,0.00640303,0.27727872
0.031501524,0.5468023,0.42169613
0.3174944,0.0109399455,0.6715656
0.7301179,0.01624792,0.25363412
0.55525094,0.016287217,0.42846182
0.24036826,0.036001284,0.7236305
0.6624022,0.014008437,0.3235893
0.6156622,0.052699983,0.3316379
0.617772,0.1589911,0.22323689
0.42513183,0.06826937,0.50659883
0.27047133,0.18674079,0.54278785
0.6262587,0.018922063,0.3548193
0.3174592,0.019690275,0.6628505
0.4244676,0.021680746,0.55385166
0.072371,0.022454225,0.9051748
0.28938925,0.037147358,0.6734634
0.10710982,0.075837314,0.81705284
0.22052962,0.019051379,0.760419
0.914677,0.00090269436,0.08442028
0.6300103,0.006089907,0.36389983
0.76933056,0.010181583,0.22048779
0.23175897,0.103317335,0.66492367
0.48073724,0.050276242,0.46898648
0.34816647,0.009694119,0.6421394
0.17438164,0.11226396,0.71335435
0.3222683,0.022909865,0.6548218
0.38636693,0.06924159,0.5443914
0.061126336,0.108093426,0.8307802
0.58445114,0.0070530134,0.4084958
0.696294,0.1962504,0.10745563
0.92221034,0.008605255,0.06918438
0.8120179,0.0019194433,0.1860626
0.4575047,0.017255595,0.5252397
0.5075097,0.08551974,0.4069705
0.40345693,0.0008046227,0.5957384
0.28590983,0.64430916,0.069780946
0.45054314,0.08400447,0.46545237
0.5166886,0.0129672205,0.47034416
0.9061196,0.07518555,0.018694827
0.35888067,0.20955968,0.43155974
0.26391616,0.095921345,0.64016247
0.38405496,0.033674177,0.58227086
0.63867587,0.095664464,0.2656597
0.5585696,0.019031705,0.42239872
0.33030584,0.0036368873,0.6660573
0.08533621,0.28182262,0.63284117
0.857051,0.078246586,0.0647023
0.48479775,0.022724006,0.49247822
0.51729083,0.016340377,0.46636885
0.81119686,0.056794677,0.13200846
0.78574747,0.106360324,0.10789219
0.43228602,0.038923815,0.5287902
0.24814768,0.0029011944,0.74895114
0.10732849,0.11741792,0.7752536
0.33133706,0.076581754,0.5920812
0.91486144,0.022374468,0.06276415
0.52817005,0.0023676818,0.4694623
0.38368258,0.0031602895,0.61315715
0.66831684,0.006604935,0.32507822
0.6951555,0.020762729,0.28408176
0.35940927,0.0059877466,0.6346029
0.6075131,0.03767071,0.3548162
0.38474762,0.029713327,0.58553904
0.38382933,0.18958089,0.42658982
0.852855,0.0015596447,0.14558524
0.57221514,0.0020436822,0.4257411
0.3968076,0.053720437,0.54947203
0.5609273,0.045134302,0.3939384
0.4223749,0.05305768,0.5245675
0.7492857,0.071730435,0.17898382
0.38240686,0.020803655,0.5967895
0.12132332,0.010384777,0.8682919
0.27842498,0.17837647,0.5431985
0.6195542,0.0017309396,0.3787149
0.456653,0.10747103,0.4358759
0.015815364,0.2280907,0.7560939
0.83029705,0.012921316,0.15678164
0.8758066,0.021926373,0.10226698
0.74054974,0.15102741,0.10842295
0.34752882,0.08187668,0.5705945
0.49703518,0.18490243,0.31806245
0.63989764,0.0035042902,0.35659808
0.32819766,0.037607558,0.63419473
0.49573216,0.19425231,0.31001556
0.74357283,0.003279216,0.25314796
0.59873563,0.005013173,0.39625126
0.39586905,0.024553144,0.57957774
0.4387092,0.016251547,0.5450393
0.43030155,0.0094378805,0.5602606
0.23467003,0.14614548,0.61918455
0.05379157,0.11932041,0.826888
0.5640208,0.009072496,0.42690668
0.6088893,0.06441486,0.32669583
0.35136557,0.0067068054,0.64192754
0.8678363,0.0064405883,0.12572314
0.3929313,0.028080704,0.578988
0.21429512,0.11448517,0.6712197
0.53159034,0.029058661,0.43935096
0.08373013,0.19424415,0.7220257
0.490485,0.026581906,0.48293307
0.4196006,0.061955027,0.51844436
0.634873,0.015686141,0.3494409
0.5756158,0.05069824,0.37368605
0.62044144,0.15443893,0.22511965
0.38710117,0.18619598,0.42670277
0.5509759,0.04348238,0.40554175
0.43134135,0.01599359,0.55266505
0.3351304,0.13786612,0.52700347
0.75180614,0.012338418,0.23585548
0.050210427,0.115147464,0.8346421
0.46249682,0.009469425,0.52803373
0.64290327,0.13968706,0.21740966
0.80168873,0.13122487,0.0670864
0.4358846,0.27518818,0.28892717
0.45214567,0.18274319,0.3651111
0.34035197,0.14429635,0.5153517
0.46941388,0.097828954,0.43275723
0.19266129,0.039697032,0.76764166
0.522428,0.05120926,0.42636284
0.3407402,0.43440935,0.22485043
0.08913514,0.56684864,0.34401616
0.1075244,0.2750368,0.61743885
0.40790936,0.012599327,0.5794914
0.8498203,0.00724317,0.14293642
0.23243274,0.3802583,0.38730896
0.16098998,0.048083074,0.79092693
0.2592546,0.11864998,0.6220954
0.5411306,0.18974821,0.26912117
0.6035681,0.034622896,0.36180896
0.5837153,0.018108439,0.39817625
0.026341444,0.43404612,0.5396125
0.9194441,0.009889245,0.07066664
0.9523473,0.006255994,0.04139673
0.4440005,0.024629014,0.5313705
0.061264962,0.09682006,0.841915
0.9414747,0.005244095,0.05328132
0.5640261,0.016911644,0.4190623
0.8618504,0.0686759,0.069473684
0.8085957,0.043968108,0.14743623
0.53719914,0.036018167,0.4267827
0.63558275,0.03334938,0.3310679
0.5971954,0.017672045,0.38513264
0.6883486,0.010474998,0.30117643
0.4677284,0.030451516,0.5018201
0.24625544,0.021214744,0.7325298
0.84300846,0.0057265637,0.15126494
0.36262345,0.118789114,0.51858747
0.29002997,0.22262412,0.4873459
0.47757122,0.018400509,0.5040283
0.39952695,0.09872058,0.5017525
0.4584132,0.00093689776,0.5406499
0.24718434,0.09512754,0.65768814
0.3989216,0.028392231,0.5726862
0.68821,0.02165635,0.29013363
0.2506361,0.016838783,0.7325251
0.58925563,0.011183179,0.39956114
0.8787119,0.0024896227,0.11879847
0.6550354,0.0025684158,0.34239626
0.85628337,0.073348686,0.070367955
0.795001,0.01266253,0.19233647
0.84913224,0.021105532,0.12976225
0.4802605,0.006491539,0.5132479
0.17811598,0.06812616,0.75375783
0.16259345,0.10454407,0.7328625
0.38249496,0.103212506,0.5142925
0.25535592,0.06612573,0.67851835
0.55168986,0.0017041849,0.44660592
0.86480457,0.01503632,0.12015912
0.6073192,0.001955595,0.3907252
0.18655857,0.0045168535,0.8089246
0.15480764,0.14324678,0.70194554
0.71398413,0.005952995,0.2800629
0.96618485,0.0014105008,0.032404747
0.46385378,0.090995245,0.44515106
0.7210993,0.034247268,0.2446535
0.54719096,0.26757815,0.1852309
0.75251335,0.0069680647,0.2405186
0.27657765,0.0074208383,0.7160015
0.8136439,0.06878361,0.11757247
0.71793234,0.16518015,0.116887495
0.9526425,0.02147805,0.025879392
0.70755684,0.010038568,0.28240457
0.17650487,0.46389097,0.3596042
0.48591986,0.0032792317,0.51080096
0.6976444,0.012865597,0.28949004
0.13016632,0.0377401,0.83209354
0.9124495,0.0026010212,0.084949546
0.6674873,0.10430114,0.22821157
0.47373393,0.010231602,0.5160345
0.17085646,0.043775495,0.785368
0.4283584,0.109837584,0.461804
0.6123152,0.26267278,0.12501198
0.29066288,0.0014585593,0.7078786
0.8361868,0.013122298,0.15069085
0.51038074,0.006382939,0.4832363
0.32328603,0.03818373,0.6385303
0.28174484,0.0077215824,0.7105336
0.52039534,0.04194467,0.43766
0.43183923,0.06329197,0.50486887
0.70800924,0.085711695,0.20627911
0.46204764,0.06614349,0.47180888
0.34977514,0.009743236,0.6404816
0.91807,0.003933922,0.07799599
0.553455,0.05385316,0.39269182
0.7535139,0.009288035,0.23719814
0.8909834,0.021010669,0.08800597
0.4122602,0.04820511,0.5395347
0.6925893,0.021208292,0.2862024
0.89406407,0.033009063,0.07292696
0.25131968,0.15716128,0.59151906
0.20941639,0.015626626,0.774957
0.6531898,0.042556696,0.3042535
0.6146053,0.24309812,0.14229657
0.37973094,0.073455624,0.54681337
0.7437285,0.007709028,0.24856243
0.5318592,0.016328393,0.4518124
0.93719274,0.032477792,0.030329382
0.9410996,0.02567007,0.033230346
0.23992115,0.005669298,0.75440955
0.70146227,0.0010139318,0.29752383
0.33245903,0.050637625,0.6169033
0.561233,0.11537164,0.32339534
0.5302169,0.019236835,0.4505462
0.7032045,0.0066385227,0.29015702
0.82703227,0.0057769474,0.16719082
0.64137244,0.013678161,0.3449493
0.4053574,0.006853336,0.5877893
0.543039,0.028436119,0.42852485
0.6220404,0.069079585,0.30887997
0.6655332,0.004747018,0.32971975
0.5238427,0.010036904,0.4661204
0.42298433,0.06418343,0.5128322
0.22134964,0.18717423,0.5914761
0.80666435,0.0023909246,0.19094467
0.4911401,0.018682798,0.4901771
0.7262175,0.023316668,0.2504659
0.46639222,0.019835582,0.5137722
0.20965888,0.025646465,0.7646946
0.17306332,0.39568028,0.4312564
0.975937,0.006464011,0.017598985
0.4696988,0.025078103,0.5052231
0.11438142,0.013459211,0.8721594
0.8033409,0.06450219,0.13215688
0.36820453,0.039601255,0.59219414
0.66839594,0.053901877,0.27770215
0.53644204,0.11833043,0.3452275
0.8550055,0.0036094633,0.14138503
0.6966129,0.10599648,0.19739062
0.78805137,0.11066782,0.10128079
0.55798805,0.0426826,0.39932933
0.9141843,0.012594692,0.073221
0.61203444,0.0644182,0.32354736
0.39023054,0.016445735,0.59332377
0.79910463,0.096244164,0.104651235
0.74974996,0.009674857,0.24057513
0.46155202,0.006910509,0.53153753
0.46234223,0.013551202,0.52410656
0.37420115,0.00276077,0.62303805
0.5509844,0.16227366,0.28674206
0.17836085,0.55453855,0.26710063
0.5161501,0.0072846604,0.4765652
0.27336088,0.081306174,0.64533293
0.91491944,0.0031761385,0.08190441
0.9557392,0.0010318281,0.04322907
0.64545,0.024983441,0.3295666
0.15976277,0.5977214,0.24251586
0.77492917,0.007485082,0.21758576
0.6894775,0.011703669,0.29881883
0.59241945,0.035985705,0.3715949
0.54557395,0.034811437,0.4196146
0.3577523,0.013309951,0.6289377
0.32682213,0.06317968,0.60999817
0.66701484,0.010362167,0.32262304
0.7860879,0.012350161,0.20156196
0.5992472,0.020418933,0.38033378
0.43850666,0.2551253,0.30636805
0.5213387,0.024644503,0.45401677
0.67752707,0.025302732,0.29717013
0.6308279,0.01405897,0.35511318
0.6075698,0.007569127,0.38486102
0.32600734,0.02137841,0.65261436
0.4073433,0.014522135,0.57813454
0.47272918,0.03750109,0.4897697
0.57860637,0.014372752,0.4070209
0.4664014,0.26315963,0.270439
0.5097748,0.02854642,0.46167886
0.96441454,0.007345602,0.028239861
0.60020465,0.021335164,0.3784602
0.6773856,0.0036216765,0.31899273
0.46467036,0.030260704,0.505069
0.8974603,0.01038963,0.092150174
0.1750871,0.33085504,0.4940579
0.5780772,0.13175367,0.29016915
0.21810447,0.07409248,0.7078031
0.667112,0.092960894,0.23992711
0.5800733,0.0077033965,0.41222325
0.55900466,0.0138866315,0.4271087
0.4466992,0.16198356,0.39131725
0.04630981,0.018146003,0.93554413
0.5059321,0.0837962,0.41027164
0.60704404,0.10089732,0.29205862
0.4530019,0.010324799,0.53667337
0.23350693,0.04568956,0.7208035
0.47370034,0.12105271,0.40524697
0.28802162,0.04873585,0.6632425
0.7662209,0.017027846,0.21675125
0.28291973,0.04390553,0.67317474
0.12507264,0.103644885,0.77128243
0.88080424,0.00071727764,0.118478484
0.4688675,0.123693705,0.40743887
0.5795255,0.017076489,0.40339807
0.23078324,0.028832488,0.7403842
0.3814302,0.035517156,0.58305264
0.18933621,0.095952496,0.7147113
0.29396534,0.30991223,0.3961224
0.15514238,0.004069324,0.8407883
0.5666649,0.15512294,0.27821216
0.27358732,0.047073003,0.67933977
0.51572,0.0008531494,0.4834268
0.512834,0.01820635,0.46895963
0.62322617,0.0045346115,0.37223917
0.13349292,0.033511344,0.8329958
0.22001085,0.08444296,0.69554615
0.85874224,0.0046693725,0.13658836
0.4639922,0.08942397,0.44658378
0.3182409,0.28107974,0.40067932
0.5289563,0.003039299,0.46800444
0.6359076,0.023922328,0.34017003
0.70659477,0.006126009,0.28727925
0.6509552,0.060593236,0.2884515
0.7858027,0.008115683,0.20608161
0.7413249,0.17597532,0.08269972
0.2118112,0.013914643,0.7742742
0.45125204,0.0096113365,0.53913665
0.622217,0.061955094,0.31582794
0.27868026,0.074080124,0.64723957
0.91169524,0.061502423,0.026802307
0.58629704,0.014895539,0.39880738
0.3740775,0.010177194,0.61574525
0.43709472,0.00656174,0.55634356
0.45151496,0.027291749,0.52119327
0.6571468,0.15882862,0.1840246
0.7808552,0.0026372252,0.21650757
0.7775606,0.014996428,0.20744303
0.15636836,0.05701735,0.78661436
0.59975356,0.05977387,0.34047258
0.2671486,0.11724862,0.61560273
0.82721317,0.00811584,0.1646711
0.7720026,0.07932882,0.14866857
0.8627734,0.0030249015,0.13420165
0.76731867,0.0074451044,0.22523618
0.11478723,0.0068950336,0.8783177
0.4219132,0.08879266,0.48929417
0.71497226,0.01358738,0.27144036
0.49824172,0.011967404,0.48979092
0.13830301,0.024687177,0.83700985
0.79766583,0.001382307,0.20095181
0.35495386,0.0012237238,0.6438224
0.41604906,0.012647649,0.5713033
0.61198366,0.007917074,0.38009927
0.1653436,0.030783003,0.8038734
0.24845774,0.22818913,0.52335316
0.42934316,0.0734982,0.49715862
0.5117975,0.13200557,0.35619694
0.25061885,0.07549311,0.673888
0.27556,0.203625,0.52081496
0.39169663,0.27984762,0.32845572
0.6112881,0.004111913,0.38459998
0.18892823,0.0882283,0.7228434
0.61446667,0.025723092,0.35981023
0.78713673,0.11345556,0.09940775
0.44646978,0.0022319637,0.55129826
0.070867054,0.0025359825,0.92659694
0.7331718,0.017918594,0.24890964
0.364185,0.055016287,0.58079875
0.782215,0.008335533,0.20944944
0.6566224,0.09869847,0.24467911
0.36826897,0.07982049,0.5519105
0.2727603,0.06388728,0.66335243
0.3513411,0.012947352,0.63571155
0.58846,0.025115756,0.38642418
0.8189509,0.0023523895,0.1786967
0.71379423,0.01557612,0.27062964
0.50265414,0.014687121,0.48265874
0.18511958,0.010419301,0.8044612
0.7035567,0.015687397,0.2807559
0.85440004,0.08308178,0.06251817
0.04965876,0.034479167,0.9158621
0.47926775,0.020202838,0.50052935
0.49181002,0.0031426626,0.5050473
0.71538043,0.031580083,0.2530395
0.7791909,0.12100475,0.099804364
0.5720528,0.0055483254,0.4223989
0.16089498,0.034077145,0.8050279
0.52703303,0.08064326,0.3923236
0.40206173,0.07038331,0.527555
0.37440464,0.12362207,0.5019733
0.8116731,0.0644497,0.123877265
0.72562855,0.0033498416,0.27102154
0.23458983,0.13030069,0.6351095
0.6822103,0.002005049,0.31578466
0.54854715,0.008054263,0.44339865
0.22711447,0.006476078,0.7664095
0.70564896,0.011724033,0.28262705
0.43416625,0.041290928,0.5245428
0.6790904,0.03314089,0.2877687
0.66662335,0.017399073,0.3159776
0.61103386,0.030422064,0.35854405
0.7660477,0.08324172,0.15071048
0.76328474,0.024769016,0.21194625
0.5717531,0.109892316,0.31835458
0.80281806,0.03226718,0.16491477
0.36061698,0.039894376,0.5994887
0.60267943,0.071896076,0.32542455
0.46649987,0.0036227074,0.5298774
0.5711659,0.011802875,0.4170311
0.5675259,0.008161877,0.4243122
0.77258104,0.1258888,0.101530135
0.6143031,0.17648125,0.20921569
0.7559421,0.024606476,0.2194514
0.5317319,0.0041875974,0.46408048
0.44389874,0.030475771,0.52562547
0.07691912,0.23191634,0.69116455
0.7388293,0.046344545,0.21482615
0.4992337,0.008986069,0.49178016
0.68895274,0.012888423,0.29815885
0.82072604,0.0060089044,0.17326507
0.55589336,0.06368124,0.3804254
0.76964164,0.023411801,0.20694655
0.4724396,0.012482178,0.51507825
0.7936197,0.013046796,0.19333352
0.6875169,0.0059544216,0.30652863
0.8501979,0.06860178,0.08120031
0.28900608,0.17653354,0.53446037
0.20216523,0.048048373,0.7497864
0.81160176,0.005496463,0.18290173
0.2763676,0.30616024,0.41747212
0.2327234,0.010470441,0.75680614
0.7727253,0.0009340725,0.22634065
0.68771315,0.0017193499,0.31056753
0.044377953,0.009782039,0.94584006
0.6515315,0.021661473,0.326807
0.6748127,0.00060696166,0.32458034
0.56416214,0.03826838,0.39756945
0.6062991,0.044710454,0.3489904
0.5403247,0.048724037,0.41095123
0.5543844,0.007883133,0.43773243
0.6756609,0.0018656251,0.3224734
0.8403428,0.0035335156,0.1561236
0.5250326,0.004274607,0.47069275
0.65340704,0.052670244,0.29392275
0.56841046,0.10658684,0.3250027
0.44323558,0.017591307,0.53917307
0.21055296,0.109257095,0.68018997
0.19072548,0.0587432,0.7505313
0.83748144,0.03400274,0.12851578
0.34351334,0.046614043,0.6098726
0.4614233,0.009348236,0.52922845
0.39452612,0.03094351,0.5745303
0.5436333,0.033072557,0.42329413
0.7092969,0.03609493,0.25460818
0.8759017,0.064917296,0.059181016
0.43182206,0.007984597,0.56019336
0.5555248,0.1702669,0.27420828
0.6736263,0.07132075,0.25505286
0.7945554,0.012878729,0.19256584
0.8297661,0.0872403,0.08299363
0.47794536,0.06336043,0.4586942
0.33418423,0.0018143599,0.66400146
0.25799632,0.0054764417,0.73652726
0.81300944,0.03501122,0.15197933
0.8844407,0.07504564,0.04051368
0.12711993,0.42877984,0.44410026
0.24379331,0.022693185,0.73351353
0.8548243,0.059832923,0.08534273
0.83778185,0.005990572,0.15622762
0.44565287,0.17867102,0.37567616
0.7416119,0.004182398,0.2542057
0.6491795,0.0046498016,0.34617066
0.47966745,0.024481216,0.4958513
0.23764719,0.0756846,0.6866682
0.49701098,0.011476165,0.49151286
0.42520177,0.07181225,0.502986
0.41057995,0.13128427,0.4581358
0.31628728,0.02218154,0.66153115
0.3180624,0.2130948,0.46884283
0.7485593,0.010137708,0.24130295
0.54402286,0.012291089,0.44368604
0.5918008,0.0043796413,0.40381953
0.7845911,0.014533753,0.20087518
0.59768873,0.039423216,0.362888
0.3420932,0.23927402,0.41863284
0.50041074,0.002014488,0.49757475
0.42448592,0.0016609352,0.57385314
0.29313982,0.016378108,0.69048214
0.511516,0.14254047,0.3459435
0.53546804,0.047773067,0.41675884
0.3055416,0.025271472,0.6691869
0.36459273,0.053991117,0.58141613
0.21517657,0.25056145,0.53426194
0.66658723,0.05177987,0.28163287
0.43382108,0.023822175,0.5423567
0.60905695,0.03327798,0.35766518
0.40815058,0.007196441,0.58465296
0.7330214,0.0019376555,0.265041
0.23546584,0.14962834,0.61490583
0.14090124,0.21520138,0.64389735
0.36860496,0.06401853,0.5673765
0.5229238,0.023831025,0.4532452
0.76156884,0.005360718,0.23307036
0.8117112,0.010142902,0.1781459
0.4455348,0.04610328,0.50836194
0.595436,0.025185706,0.37937835
0.7775052,0.0059728827,0.21652187
0.15620506,0.056859747,0.7869352
0.70469606,0.063448146,0.23185584
0.17540887,0.023519948,0.8010712
0.38131258,0.037328154,0.5813592
0.332517,0.013709951,0.65377307
0.42138726,0.02598216,0.5526306
0.8376873,0.043886065,0.11842671
0.32863235,0.052854177,0.6185135
0.76150244,0.0075044534,0.23099312
0.65673,0.035861753,0.3074082
0.26127484,0.1782158,0.5605094
0.26932788,0.0051872856,0.7254848
0.54343987,0.012768426,0.44379175
0.6413694,0.021358203,0.33727232
0.37073195,0.027855817,0.6014123
0.7222418,0.0094886245,0.26826966
0.25763068,0.0014562766,0.74091303
0.41366744,0.03331837,0.55301416
0.6643967,0.016964143,0.31863904
0.7813214,0.02437688,0.19430171
0.70516336,0.0064534894,0.28838313
0.50967026,0.06468172,0.42564797
0.69976854,0.26197532,0.038256068
0.39178476,0.009432216,0.5987831
0.45256627,0.022378145,0.5250556
0.56983876,0.039582852,0.3905784
0.49619213,0.036340207,0.46746776
0.45096394,0.061665908,0.48737013
0.15315947,0.43421525,0.41262525
0.80774057,0.005383933,0.18687548
0.036672086,0.050920933,0.912407
0.4863446,0.07185662,0.44179884
0.7599754,0.120447345,0.11957728
0.46794632,0.08363742,0.44841626
0.97627664,0.0010061354,0.022717226
0.54761237,0.070027374,0.3823603
0.14080405,0.007627775,0.85156816
0.586615,0.013280476,0.40010455
0.22759005,0.03898253,0.73342746
0.8369074,0.019665297,0.14342737
0.36910677,0.18223654,0.4486567
0.46289116,0.016775835,0.52033293
0.7177931,0.011356415,0.2708505
0.03149457,0.053359486,0.9151459
0.79870033,0.009224204,0.19207554
0.38032326,0.003165118,0.6165116
0.31761962,0.020943394,0.661437
0.21265036,0.04174048,0.7456091
0.0057885125,0.045123115,0.9490884
0.81334126,0.13966557,0.046993107
0.4347596,0.041339934,0.5239005
0.7479942,0.015028513,0.23697726
0.5951961,0.0068258476,0.39797798
0.60769016,0.007872911,0.38443696
0.2725631,0.24151269,0.48592415
0.9096976,0.007541672,0.08276078
0.52133375,0.03340374,0.4452626
0.17963566,0.08002803,0.7403363
0.6952651,0.031057209,0.27367765
0.56031686,0.05234036,0.38734275
0.87846655,0.0064088413,0.11512461
0.3106552,0.05211501,0.6372298
0.9630622,0.017688062,0.01924973
0.37007496,0.021881027,0.608044
0.8282759,0.008827274,0.16289675
0.40520442,0.114609264,0.4801863
0.52764094,0.021517146,0.45084187
0.74201256,0.10568369,0.15230377
0.37520242,0.010827686,0.61396986
0.4889427,0.01914411,0.4919131
0.3663877,0.032361172,0.6012511
0.55630213,0.032618545,0.4110793
0.47116885,0.009482651,0.51934856
0.5796722,0.0013816642,0.41894615
0.4115372,0.04668923,0.5417736
0.55376595,0.011757864,0.43447614
0.82704115,0.05816559,0.114793256
0.74449986,0.07218967,0.18331048
0.494826,0.017224958,0.48794904
0.49977246,0.013629104,0.48659834
0.24517407,0.17842366,0.57640237
0.2568755,0.012356068,0.73076844
0.5024413,0.011972959,0.48558578
0.36331362,0.097486146,0.53920025
0.743308,0.0074070953,0.24928485
0.92829055,0.0075339503,0.064175524
0.96744853,0.00089205586,0.031659354
0.54670703,0.06482885,0.38846415
0.42797595,0.020455716,0.55156827
0.54129195,0.013258394,0.44544974
0.95245725,0.0012656477,0.046277117
0.31157908,0.06969011,0.6187308
0.41530022,0.009270207,0.5754296
0.3298342,0.06304343,0.6071223
0.25257462,0.01704237,0.730383
0.5271724,0.071889654,0.40093797
0.43600264,0.15781169,0.40618563
0.47317654,0.05846821,0.4683553
0.64737695,0.018753376,0.33386964
0.4575745,0.014042926,0.52838254
0.5657198,0.032325815,0.40195435
0.9547783,0.0083859945,0.036835637
0.25864106,0.0030276715,0.73833126
0.30798218,0.058750577,0.6332673
0.2505963,0.18625526,0.5631484
0.522557,0.002993949,0.47444898
0.19152224,0.13120422,0.6772736
0.6433499,0.0037960284,0.35285407
0.0644317,0.15776716,0.77780116
0.9131281,0.008074693,0.07879724
0.7209476,0.009592039,0.2694603
0.117555246,0.09622792,0.7862168
0.86416936,0.009204286,0.12662631
0.9537037,0.0021238057,0.04417249
0.08716284,0.0226028,0.89023435
0.7189885,0.036998224,0.24401335
0.6552468,0.021946114,0.32280707
0.45582736,0.0070584146,0.5371142
0.89568865,0.028766997,0.07554439
0.19930793,0.034428075,0.766264
0.31615233,0.017203802,0.66664386
0.7014874,0.0015656644,0.2969469
0.6541916,0.008501953,0.33730647
0.8848586,0.036907293,0.07823413
0.6814314,0.08601836,0.23255023
0.068083405,0.4464911,0.48542556
0.515327,0.011262803,0.47341022
0.27469695,0.24643892,0.47886413
0.046863504,0.054994233,0.8981422
0.6935736,0.018660773,0.28776562
0.14021616,0.20322813,0.6565557
0.4204621,0.0072886017,0.57224935
0.53289324,0.049715683,0.4173911
0.6500903,0.012951699,0.33695802
0.73195076,0.050300997,0.2177483
0.674964,0.078351215,0.24668473
0.74671924,0.0020390342,0.2512418
0.1681236,0.030504987,0.80137134
0.77136433,0.025367351,0.20326827
0.2953437,0.13742034,0.5672359
0.7633307,0.04824803,0.18842125
0.5997029,0.0441506,0.35614654
0.7208672,0.013608863,0.26552388
0.59710854,0.19618171,0.20670974
0.42288604,0.11040716,0.46670678
0.41878182,0.06668872,0.5145295
0.2883247,0.048686195,0.662989
0.60774165,0.00670765,0.3855507
0.22205128,0.17030126,0.60764754
0.33616397,0.002552123,0.6612839
0.57234985,0.15012044,0.2775298
0.8903532,0.030246647,0.079400085
0.35594076,0.00085231336,0.6432069
0.27177158,0.049893953,0.6783345
0.31600407,0.04113785,0.6428581
0.6070461,0.0030424916,0.3899114
0.6851601,0.019069497,0.29577047
0.36012384,0.00804312,0.631833
0.55820763,0.009779751,0.43201262
0.2904796,0.06334654,0.6461739
0.15374315,0.0019600918,0.8442967
0.3679434,0.039270896,0.59278566
0.50817347,0.00347325,0.4883533
0.78990704,0.056325827,0.15376711
0.6419049,0.0070217876,0.35107338
0.7497111,0.0468016,0.20348732
0.07214282,0.37297246,0.5548847
0.22868398,0.010950928,0.7603651
0.6057364,0.0011958122,0.39306787
0.11404696,0.065311305,0.82064176
0.95020324,0.030338576,0.019458141
0.78192514,0.044698685,0.1733762
0.25740522,0.15971515,0.58287966
0.8247892,0.0023337556,0.17287703
0.31656075,0.09389447,0.5895448
0.7449005,0.02256232,0.23253712
0.92568964,0.00897041,0.065339915
0.17058119,0.19497193,0.6344469
0.19346885,0.0030461939,0.803485
0.60822934,0.009889357,0.38188124
0.7449389,0.020621236,0.2344398
0.24153212,0.121618845,0.63684905
0.17198929,0.002352741,0.82565796
0.49471998,0.0051039103,0.50017613
0.22724368,0.287609,0.4851473
0.6521834,0.019335749,0.32848084
0.42944118,0.03959052,0.53096825
0.7467339,0.0015869894,0.25167903
0.39104727,0.0028795907,0.6060731
0.8018141,0.0075572054,0.19062862
0.7970893,0.036748834,0.16616188
0.15252954,0.1736269,0.6738435
0.63741785,0.04003477,0.32254744
0.20371,0.0461175,0.7501725
0.695395,0.06851269,0.23609237
0.27036062,0.0653608,0.6642786
0.23224129,0.029858688,0.7379001
0.36476007,0.042303342,0.5929366
0.20387653,0.011015617,0.7851079
0.5787911,0.02521648,0.39599237
0.39500073,0.08821961,0.51677966
0.5732533,0.012462782,0.414284
0.4714162,0.013751127,0.5148327
0.5631826,0.034304637,0.4025128
0.60767984,0.010987794,0.38133237
0.27915326,0.004032893,0.71681386
0.27469242,0.0422988,0.6830088
0.46813995,0.0013168085,0.5305433
0.12640014,0.15340494,0.7201949
0.26307818,0.06654143,0.6703804
0.7801832,0.022027368,0.19778949
0.7074984,0.0037642452,0.28873733
0.41719732,0.0017409123,0.5810617
0.4772644,0.090164654,0.43257096
0.5645181,0.1769716,0.25851026
0.32258412,0.008983341,0.66843253
0.46457264,0.09414112,0.44128627
0.32561478,0.011254851,0.66313034
0.816819,0.007412961,0.17576805
0.32373753,0.023833927,0.65242857
0.12478042,0.6856236,0.189596
0.4783964,0.1693968,0.35220686
0.4774198,0.0009170594,0.5216631
0.51314986,0.030531244,0.45631889
0.2744882,0.0069485647,0.71856326
0.17766193,0.23040062,0.5919375
0.73707443,0.023847187,0.23907833
0.56923085,0.004630549,0.42613867
0.90633196,0.0025419348,0.091126084
0.7245771,0.037692122,0.23773076
0.52556974,0.006706774,0.4677234
0.8812031,0.0014193313,0.11737752
0.32135087,0.006449517,0.67219967
0.7756837,0.06436482,0.15995155
0.40025488,0.005508015,0.59423715
0.4878793,0.010262073,0.5018586
0.07860358,0.6912252,0.23017123
0.63507247,0.0023509383,0.36257663
0.4643892,0.020267623,0.5153432
0.2290939,0.00081040093,0.7700957
0.6186424,0.044171955,0.33718556
0.17105846,0.033418495,0.795523
0.7396884,0.020027518,0.24028409
0.17876488,0.12122697,0.70000815
0.36844313,0.055889532,0.5756673
0.1890551,0.34444118,0.4665037
0.7256726,0.09781816,0.17650922
0.7890915,0.032423265,0.1784852
0.32998046,0.1513374,0.5186821
0.8982842,0.011331052,0.09038478
0.45171684,0.046342652,0.5019405
0.72650456,0.09245239,0.1810431
0.7517952,0.018388662,0.22981615
0.6461381,0.008575463,0.3452864
0.46696833,0.20903286,0.3239987
0.0003749178,0.8862735,0.11335156
0.026143443,0.37609306,0.5977634
0.012828663,0.22909296,0.75807846
0.0038898478,0.7061105,0.28999972
0.00093312195,0.93067765,0.06838919
0.0052266526,0.8791647,0.115608685
0.017920021,0.36721608,0.61486393
0.0058983155,0.8484572,0.14564446
0.010336449,0.2965749,0.6930887
0.0017292881,0.864795,0.1334757
0.00026844224,0.6508265,0.348905
0.0053781047,0.8180533,0.17656863
0.017021736,0.5672563,0.41572198
0.057707064,0.81891274,0.12338021
0.0032122887,0.40245757,0.5943302
0.014589715,0.5637274,0.42168295
0.1851672,0.45512247,0.35971043
0.0030959048,0.64192766,0.3549764
0.19225526,0.21278898,0.59495574
0.14775904,0.395485,0.45675594
0.12817597,0.104102686,0.7677213
0.006962488,0.8328293,0.16020821
0.004251388,0.5936543,0.40209433
0.0022420273,0.76497257,0.23278536
0.0066594305,0.20817159,0.785169
0.11270487,0.23884209,0.64845306
0.0031211642,0.5587141,0.43816474
0.013142586,0.8851142,0.10174319
0.010655467,0.51668835,0.4726562
0.030770516,0.22495389,0.74427557
0.0071267686,0.5603131,0.43256012
0.006458096,0.46460035,0.5289415
0.048059285,0.59881204,0.35312867
0.010319115,0.8635962,0.12608467
0.013446799,0.63727176,0.34928143
0.005332618,0.48968798,0.50497943
0.0014742188,0.44480196,0.5537239
0.011975762,0.5800109,0.40801337
0.017588604,0.6039289,0.37848243
0.09586079,0.3902672,0.5138721
0.110062554,0.38730466,0.50263274
0.023821734,0.39178306,0.5843952
0.019991904,0.25480834,0.72519976
0.06432909,0.8307957,0.10487523
0.0084351925,0.66037446,0.33119032
0.04050738,0.6411503,0.31834227
0.028317349,0.65052056,0.3211621
0.02348478,0.7560376,0.2204777
0.00939015,0.7334898,0.25712007
0.04400005,0.14854456,0.80745536
0.04520392,0.2801462,0.6746499
0.004209883,0.48202085,0.51376927
0.0056899167,0.26826185,0.72604823
0.09079745,0.24731274,0.6618898
0.0013867385,0.9172013,0.081412025
0.004269582,0.84985316,0.14587727
0.0053254506,0.87058765,0.12408692
0.0029095095,0.9741014,0.022989023
0.026978118,0.5147598,0.45826203
0.07995019,0.64705807,0.27299175
0.002592686,0.7931709,0.20423643
0.007147785,0.48534584,0.5075064
0.056795023,0.28233323,0.66087174
0.048060764,0.36931866,0.58262056
0.00489975,0.41222024,0.58287996
0.002054999,0.57166713,0.4262779
0.1151461,0.15557009,0.7292838
0.0058629536,0.56369096,0.43044606
0.27446884,0.6302723,0.09525881
0.099152595,0.688168,0.21267946
0.004662485,0.5665041,0.42883334
0.00945188,0.55633354,0.4342146
0.0030264633,0.61060584,0.3863677
0.11897525,0.69093233,0.19009244
0.014363179,0.26638678,0.71925
0.0006811591,0.29228717,0.7070317
0.0039312304,0.32358888,0.67247987
0.009657317,0.58530587,0.40503678
9.454478e-05,0.98837286,0.011532636
0.055183627,0.109878905,0.83493745
0.0009165332,0.9478387,0.051244646
0.062209226,0.6383491,0.29944164
0.004703273,0.53096884,0.46432784
0.0050699436,0.8814129,0.11351712
0.008376197,0.5531719,0.43845195
0.0050621415,0.7762243,0.21871357
0.0017063622,0.7784177,0.21987593
0.014049628,0.45140758,0.5345428
0.0035479625,0.9674772,0.028974755
0.0027148006,0.4089279,0.58835727
0.008632928,0.81204426,0.17932284
0.032740735,0.47121108,0.4960481
0.08742852,0.54951346,0.36305794
0.008714419,0.4424006,0.548885
0.0064928685,0.7166541,0.27685294
0.05834814,0.40440625,0.53724563
0.007554514,0.84529126,0.14715423
0.03445502,0.52350134,0.44204366
0.0270152,0.28140423,0.69158053
0.11659961,0.5940059,0.28939456
0.011695589,0.5114052,0.4768992
0.23932663,0.3302697,0.4304037
0.0024482603,0.26643604,0.7311157
0.056851197,0.80342764,0.13972116
0.0052512228,0.75002605,0.2447227
0.0050631883,0.74448186,0.25045487
0.00028335367,0.9972657,0.0024510422
0.012919903,0.9409892,0.046090864
0.012933804,0.8210465,0.16601977
0.0008859314,0.65963256,0.3394815
0.0015942592,0.5672016,0.4312042
0.0074375323,0.427563,0.5649994
0.01754618,0.6611043,0.32134947
0.070826985,0.49272907,0.436444
0.27730083,0.037027556,0.6856716
0.0029278442,0.55975133,0.4373208
0.02426025,0.44400385,0.5317359
0.00020466745,0.45568436,0.5441109
0.021763423,0.669075,0.3091616
0.0015037573,0.75975376,0.23874247
0.002898249,0.6209307,0.3761711
0.0026418378,0.66891366,0.32844454
0.052919805,0.38301432,0.5640659
0.02033255,0.9117203,0.06794716
0.0006521721,0.6526167,0.34673113
0.020497555,0.48273385,0.4967685
0.05598497,0.09932336,0.8446917
0.006019117,0.4344208,0.55956006
0.0019641265,0.77615774,0.22187813
0.0009509291,0.7941629,0.20488605
0.0007394373,0.30570328,0.6935572
0.022224633,0.8249818,0.15279354
0.0063616885,0.42393926,0.56969905
0.008870216,0.4901389,0.5009909
0.02004402,0.45065555,0.52930045
0.035546124,0.6411343,0.32331952
0.0018897275,0.6827878,0.31532246
0.019372907,0.20474678,0.77588034
0.011830848,0.33264157,0.6555276
0.035165135,0.8758274,0.08900747
0.03071,0.8442988,0.12499119
0.062616035,0.8419631,0.09542084
0.0020870978,0.36968493,0.6282279
0.0009933676,0.6428481,0.35615858
0.11713267,0.62080073,0.26206663
0.0229475,0.52976954,0.44728303
0.03614151,0.83066356,0.13319491
0.011067724,0.5188577,0.4700746
0.008440888,0.858842,0.13271707
0.028537516,0.25823516,0.7132274
0.01658649,0.78549945,0.197914
0.0018268066,0.3776052,0.62056804
0.07935007,0.39361915,0.5270307
0.0042315433,0.8535176,0.14225082
0.0014260273,0.4781171,0.5204569
0.0010067322,0.6457164,0.35327685
0.08617072,0.49051344,0.42331582
0.0049883137,0.62476397,0.37024778
0.0014368917,0.96159226,0.03697087
0.00077821175,0.6019,0.39732173
0.31604534,0.34462008,0.33933455
0.00082332484,0.7252777,0.27389887
0.0021076293,0.92265594,0.07523645
0.14502221,0.8455629,0.009414808
0.07120272,0.36921322,0.55958414
0.044597063,0.6315845,0.32381842
0.33274972,0.37011483,0.2971355
0.0068956735,0.30521834,0.68788594
0.008787565,0.8665083,0.12470407
0.115102135,0.35335645,0.5315414
0.015015651,0.8240592,0.16092514
0.03226618,0.50021404,0.46751982
0.026807034,0.3749437,0.59824926
0.0836554,0.7829469,0.13339771
0.43458092,0.08443718,0.48098183
0.028478095,0.2894999,0.682022
0.028152399,0.35706463,0.614783
0.0019709936,0.80081904,0.19721
0.027166408,0.7709351,0.20189844
0.008708615,0.8454988,0.1457926
0.033359967,0.28850642,0.6781336
0.030830817,0.8615553,0.10761387
0.0012910772,0.6932736,0.3054353
0.0020073168,0.6908834,0.3071093
0.0013477426,0.58894527,0.40970707
0.0002523945,0.5764276,0.42332003
0.010450536,0.881263,0.10828641
0.0011719079,0.57891893,0.41990924
0.123892404,0.6580601,0.21804745
0.00052345096,0.49530992,0.5041666
0.0331912,0.63703614,0.32977262
0.0010920571,0.8305117,0.16839628
0.0005727392,0.45819443,0.5412328
0.009479092,0.6070772,0.38344377
0.0039699567,0.6511043,0.34492573
0.0013357572,0.7117217,0.28694245
0.2577746,0.09550734,0.646718
0.16925524,0.25456202,0.5761828
0.0071435766,0.25880036,0.7340561
0.007938542,0.5522388,0.43982258
0.019362124,0.34046718,0.64017063
0.010854477,0.6170317,0.37211382
0.019240847,0.6380334,0.34272578
0.0045712236,0.3987313,0.59669745
0.00042923333,0.9841511,0.015419626
0.2688347,0.49736252,0.23380277
0.0007523699,0.7749416,0.22430602
0.0011547911,0.25977504,0.73907024
0.002730143,0.8384764,0.15879343
0.023533005,0.49934772,0.47711924
0.15326884,0.11968909,0.7270421
0.0076084244,0.8934693,0.09892234
0.0083838785,0.4979604,0.4936557
0.10261871,0.4821152,0.41526613
0.022273192,0.54865724,0.42906958
0.012848811,0.88767457,0.09947674
0.35916376,0.21551386,0.42532238
0.041214027,0.4601013,0.49868464
0.04427408,0.28244638,0.6732795
0.05613659,0.70930856,0.23455486
0.03426869,0.13352337,0.832208
0.17246598,0.049131803,0.7784022
0.025102772,0.4022355,0.57266176
0.011652489,0.5274543,0.46089315
0.12536472,0.49094176,0.38369358
0.025018744,0.5483905,0.42659077
0.08304478,0.062878706,0.8540765
0.0046460214,0.95659256,0.0387614
0.01780361,0.77675575,0.2054406
0.029211717,0.108798176,0.86199003
0.022384554,0.4147149,0.5629006
0.006296818,0.67897385,0.31472933
0.04080358,0.5155447,0.4436517
0.11640722,0.39259177,0.49100095
0.00779582,0.44576976,0.54643434
0.002304891,0.56665826,0.43103686
0.0044311723,0.3103731,0.68519574
0.003427569,0.7182414,0.27833098
0.015922423,0.6484764,0.3356012
0.014725632,0.75925505,0.22601935
0.00025331278,0.11656941,0.88317734
0.04206034,0.35311797,0.60482174
0.18037947,0.4762184,0.34340218
0.0021105565,0.7586734,0.23921603
0.0005396249,0.56272185,0.43673858
0.0036282837,0.84770626,0.14866549
0.060358327,0.80823386,0.1314079
0.03299854,0.5614124,0.40558913
0.024397215,0.71470726,0.26089552
0.0026202379,0.46256512,0.5348146
0.018094713,0.6735092,0.30839607
0.007846331,0.052862022,0.93929166
0.015060364,0.7219375,0.26300216
0.003302349,0.5389711,0.45772654
0.004737241,0.9768306,0.01843219
0.009019666,0.4681938,0.5227865
0.027300287,0.6104652,0.36223444
0.00316759,0.6363534,0.36047906
0.00081944925,0.8502949,0.14888573
0.0049402695,0.844482,0.15057765
0.033636916,0.4909959,0.47536713
0.0006699698,0.41242987,0.5869001
0.0074548246,0.7419808,0.2505643
0.0029098652,0.53525054,0.4618396
0.000982472,0.8834124,0.115605116
0.0005114446,0.7742834,0.22520521
0.12950426,0.24960649,0.6208892
0.0076522357,0.5823858,0.40996197
0.0014955346,0.800612,0.19789249
0.010332225,0.65899384,0.33067393
0.03449202,0.49920982,0.46629813
0.11287377,0.095032156,0.79209405
0.020264586,0.52230483,0.4574307
0.087996624,0.6159886,0.29601473
0.06483987,0.49832875,0.43683133
0.06597858,0.39911285,0.5349086
0.3164293,0.2597833,0.42378744
0.022066519,0.5908673,0.38706625
0.0133825755,0.2718538,0.7147637
0.0005799954,0.8513495,0.14807045
0.0015872325,0.75580794,0.24260487
0.10662164,0.7110327,0.18234567
0.023192475,0.86990124,0.10690635
0.028973203,0.5943396,0.37668717
0.010528458,0.50673395,0.48273757
0.0047757025,0.69649047,0.29873377
0.0025946605,0.86009973,0.13730559
0.1114657,0.21097785,0.67755646
0.01187897,0.6911483,0.29697278
0.010899796,0.77697974,0.21212044
0.030025557,0.9398492,0.030125244
0.018150683,0.15527922,0.8265701
0.06148859,0.186365,0.7521464
0.0069330772,0.8050645,0.18800238
0.004860217,0.30357003,0.6915698
0.13449547,0.698197,0.16730751
0.008429934,0.14910772,0.8424623
0.04226421,0.70882344,0.24891232
0.017309347,0.39946514,0.5832255
0.23637477,0.11337408,0.65025115
0.022609847,0.4647924,0.51259774
0.0067336615,0.84681845,0.14644787
0.0045727612,0.52854943,0.46687782
0.0025206646,0.10739795,0.8900814
0.0021732808,0.66302186,0.3348049
0.004252941,0.9619828,0.033764336
0.01051696,0.70008737,0.28939566
0.0119862575,0.86794925,0.120064415
0.008071354,0.48686218,0.50506645
0.017073337,0.36268884,0.62023777
0.0115020275,0.14906473,0.8394332
0.0051869666,0.30822736,0.68658566
0.08353691,0.17946896,0.73699415
0.117141366,0.5067315,0.37612712
0.0019850049,0.48093647,0.5170785
0.0039055631,0.9331624,0.06293209
0.009143429,0.6141615,0.37669513
0.014384976,0.45033783,0.53527725
0.0030994103,0.69157827,0.30532226
0.11967137,0.23185138,0.6484772
0.116373904,0.54869074,0.3349354
0.0035922274,0.69883335,0.29757443
0.0043136743,0.85937715,0.13630919
0.0062182117,0.6431297,0.350652
0.0067412513,0.680556,0.3127028
0.035290837,0.4287052,0.53600407
0.0034872447,0.073125646,0.9233871
0.09992171,0.6959895,0.20408888
0.000360505,0.7516368,0.24800275
0.0053211795,0.053014923,0.9416639
0.012336386,0.3287494,0.6589142
0.00042388987,0.30467254,0.6949036
0.019580029,0.34918502,0.631235
0.005072182,0.8418227,0.1531052
0.059103686,0.3309717,0.6099246
0.008336683,0.47192648,0.51973677
0.00094216183,0.46322632,0.5358316
0.015002721,0.66007227,0.32492504
0.0003343147,0.43516722,0.5644984
0.0122743575,0.83483183,0.15289384
0.027991321,0.5857989,0.38620982
0.002114256,0.9932627,0.0046230266
0.00093979103,0.74687904,0.25218114
0.022477483,0.54384905,0.43367347
0.052075095,0.54665613,0.40126884
0.0017861451,0.56832534,0.42988852
0.006533996,0.8924384,0.10102756
0.01004725,0.35161018,0.63834256
0.0027439087,0.25969428,0.7375618
0.01803092,0.51249516,0.46947396
0.09073211,0.18035582,0.72891206
0.01558865,0.3749534,0.609458
0.048415318,0.39732182,0.5542629
0.031307627,0.26057503,0.7081174
0.04960892,0.70580965,0.24458143
0.030985942,0.5249734,0.44404057
0.012439523,0.2599381,0.7276224
0.037603576,0.6522618,0.3101346
0.0013561263,0.51711607,0.4815278
0.05737741,0.6936767,0.24894588
0.00053020555,0.7886381,0.21083163
0.040463187,0.16117807,0.7983587
0.0031947712,0.5323992,0.46440607
0.030488921,0.7006553,0.26885584
0.001036379,0.5934662,0.4054974
0.107548,0.61230135,0.28015062
0.0024279954,0.7752119,0.2223602
0.007556581,0.7058645,0.28657892
0.024777668,0.40977216,0.56545013
0.0014967264,0.6959645,0.30253872
0.00024682676,0.50490737,0.49484584
0.0028836657,0.6253684,0.3717479
0.0012845116,0.70604706,0.29266846
0.021714592,0.8108243,0.1674612
0.03548142,0.7056808,0.25883782
0.1611917,0.1973366,0.64147174
0.016011197,0.5553631,0.4286257
0.0054499325,0.8511688,0.14338134
0.0070278025,0.8214571,0.1715151
0.0021007285,0.66235507,0.3355442
0.07547041,0.34912604,0.5754036
0.00057401706,0.9661104,0.033315603
0.016001193,0.5778402,0.40615866
0.0017507722,0.855041,0.14320827
0.005898868,0.81893694,0.17516416
0.0824128,0.7500373,0.16754979
0.007401853,0.36809173,0.6245064
0.023229899,0.7285592,0.24821095
0.011340714,0.64699924,0.34166
0.03148767,0.34556767,0.62294465
0.048577044,0.6030433,0.34837964
0.0020359904,0.56582725,0.43213677
0.0040383697,0.5752482,0.42071348
0.0020641715,0.7949352,0.20300068
0.014497171,0.33350447,0.65199834
0.06255773,0.2737836,0.6636586
0.032752723,0.3375869,0.6296603
0.06950699,0.38380837,0.54668456
0.001272752,0.7545601,0.24416715
0.0068400735,0.8825924,0.11056751
0.0048481664,0.2190005,0.77615136
0.08321895,0.29808033,0.61870074
0.00021901647,0.5036582,0.49612287
0.0003767729,0.51793736,0.48168582
0.06350808,0.73078424,0.20570768
0.0038619249,0.9719125,0.024225634
0.01951049,0.78154016,0.19894929
0.11130496,0.13415319,0.7545419
0.06917121,0.60799193,0.32283688
0.00044123075,0.5256494,0.47390938
0.010804083,0.7288453,0.26035058
0.014762471,0.38770053,0.597537
0.0037468036,0.81021047,0.18604271
0.031704225,0.14149307,0.82680273
0.044196222,0.34015998,0.61564386
0.0036998838,0.81303537,0.18326473
0.0054034353,0.9462014,0.048395276
0.031254847,0.5632492,0.40549597
0.022506608,0.6120908,0.36540258
0.022053536,0.72607523,0.25187126
0.0014546724,0.870821,0.12772438
0.013968772,0.78070545,0.20532583
0.040143676,0.31069505,0.6491613
0.22146372,0.4703466,0.30818975
0.021225456,0.39256352,0.586211
0.044122715,0.781582,0.17429526
0.0021950798,0.6327874,0.3650176
0.0061250767,0.8975838,0.09629115
0.0005418613,0.9411075,0.058350645
0.006192265,0.5726423,0.42116538
0.006470477,0.3854273,0.60810226
0.0064014886,0.5602389,0.43335965
0.004560732,0.9616374,0.03380192
0.0026384536,0.58700424,0.41035733
0.07332439,0.61627656,0.31039906
0.03741134,0.9134186,0.049170107
0.07963488,0.18938385,0.7309813
0.0046320683,0.7183147,0.27705318
0.022761432,0.68778133,0.28945726
0.0013440298,0.37312493,0.6255311
0.020641243,0.5830651,0.39629367
0.0049309772,0.8868822,0.108186856
0.03651507,0.4686942,0.49479067
0.0055483337,0.14862858,0.8458231
0.001176111,0.9781975,0.020626323
0.0103471745,0.80436003,0.18529278
0.0020495695,0.8714007,0.12654974
0.14480762,0.83352125,0.021671109
0.038613696,0.2554556,0.70593065
0.050699398,0.0424684,0.9068322
0.0011710979,0.9746245,0.024204275
0.0012029412,0.7425535,0.25624353
0.07473467,0.10582979,0.8194356
0.014313702,0.9005325,0.08515386
0.10021047,0.68596977,0.21381976
0.0030137033,0.55816776,0.4388186
0.0021819714,0.93672997,0.06108808
0.02004954,0.6641024,0.31584808
0.023683477,0.74286884,0.23344769
0.0021560513,0.36327463,0.63456935
0.019816242,0.59242195,0.3877619
0.044411536,0.6167072,0.33888125
0.14245725,0.2623342,0.5952085
0.016059453,0.58978015,0.3941604
0.00051703514,0.7189781,0.2805049
0.010924296,0.6411012,0.34797448
0.026067464,0.44963574,0.52429676
0.15161824,0.3714521,0.4769296
0.0042349566,0.7619132,0.23385184
0.0069693807,0.47538626,0.5176444
0.016045569,0.5910148,0.39293957
0.14866932,0.45996293,0.39136773
0.0012889288,0.63965714,0.359054
0.01576394,0.626291,0.3579451
0.0065331273,0.5376849,0.4557819
0.0032210208,0.8545012,0.14227779
0.00487277,0.8347262,0.16040099
0.17703974,0.43121997,0.39174026
0.0041805673,0.8861004,0.10971905
0.017355965,0.36956415,0.6130799
0.001448042,0.5320439,0.46650812
0.0011139436,0.8022889,0.1965972
0.0181338,0.63106316,0.35080308
0.028877534,0.77882504,0.19229738
0.00063772855,0.81028354,0.18907872
0.0048823566,0.4096454,0.5854723
0.0021551454,0.92228425,0.07556063
0.033831514,0.5315701,0.4345984
0.08103454,0.549894,0.3690715
0.00617925,0.52935374,0.46446702
0.025395356,0.22354588,0.75105876
0.047640778,0.35436273,0.5979965
0.002912963,0.87536246,0.12172458
0.013566841,0.8945478,0.09188532
0.034205023,0.4998003,0.46599475
0.28051722,0.41903818,0.30044454
0.013489172,0.6529023,0.33360848
0.00856239,0.47584975,0.5155879
0.16988373,0.6433629,0.1867534
0.0032512038,0.4597276,0.5370212
0.001564909,0.8439987,0.15443644
0.0013677501,0.15566789,0.84296435
0.013564484,0.4529759,0.5334596
0.0030608072,0.8811835,0.11575565
0.09464684,0.4082348,0.49711835
0.013100722,0.6611986,0.32570067
0.021759683,0.38551247,0.59272784
0.012390776,0.6732843,0.31432486
0.034990218,0.7282071,0.23680273
0.0066452534,0.5585857,0.43476894
0.03542037,0.7956264,0.16895328
0.00095777377,0.74182,0.25722224
0.007155252,0.4352031,0.55764157
0.0010903085,0.860956,0.13795373
0.010839582,0.72869706,0.26046342
0.0057602255,0.11514672,0.879093
0.23072766,0.2771413,0.49213105
0.0019226428,0.90694153,0.09113584
0.0011143079,0.88319117,0.115694515
0.004811674,0.7021539,0.29303443
0.013823004,0.48252058,0.5036564
0.15776786,0.4943921,0.34783995
0.000948549,0.64643925,0.35261217
0.00870394,0.722247,0.26904905
0.11357205,0.22614944,0.66027844
0.011301655,0.28890535,0.699793
0.004713975,0.9911178,0.004168209
0.04978414,0.8040843,0.14613155
0.039191198,0.47211006,0.4886987
0.19445756,0.38962817,0.41591427
0.010045024,0.8798775,0.11007745
0.013730668,0.6080253,0.37824404
0.03943588,0.41086233,0.54970175
0.033113617,0.51955736,0.447329
0.0072232797,0.55759245,0.4351843
0.011946472,0.8591626,0.12889087
0.013197892,0.9625541,0.024248019
0.0023994807,0.8848888,0.11271167
0.013515534,0.4622737,0.52421075
0.010688675,0.25266752,0.7366438
0.00028954094,0.49346107,0.50624937
0.028547386,0.41801623,0.5534364
0.037805572,0.69306386,0.26913053
0.033554155,0.5001327,0.4663132
0.011733976,0.6103701,0.3778959
0.0031638327,0.9652464,0.031589698
0.0059913434,0.4080311,0.58597755
0.00033741642,0.7966048,0.20305775
0.05703182,0.72350526,0.21946284
0.05864255,0.29384986,0.6475076
0.010453085,0.54249966,0.44704723
0.015650267,0.09951912,0.8848306
0.02448744,0.73926276,0.23624991
0.013600682,0.4441578,0.5422416
0.22479393,0.5442404,0.23096566
0.010805623,0.6292225,0.35997185
0.0009740122,0.8216243,0.1774018
0.0026241522,0.49434304,0.5030328
0.06111294,0.3969845,0.54190254
0.0025962638,0.4031675,0.5942363
0.02455604,0.3932652,0.5821788
0.0025083334,0.51693547,0.48055616
0.012274336,0.25511196,0.73261374
0.020145582,0.58453405,0.39532045
0.012114023,0.27300993,0.714876
0.01200777,0.7760634,0.21192886
0.0026610312,0.92121977,0.07611923
0.044528667,0.34433535,0.611136
0.03500791,0.8752631,0.089729
0.014687774,0.41840366,0.56690854
0.003763116,0.5007194,0.49551746
0.0033612428,0.91461515,0.08202367
0.020983493,0.44937763,0.5296389
0.01571453,0.42215434,0.5621311
0.00023343976,0.9832002,0.016566379
0.08357903,0.47654432,0.43987665
0.011921787,0.4259241,0.56215405
0.021265311,0.6116679,0.36706683
0.044061616,0.020368552,0.9355698
0.0022910004,0.20189978,0.7958092
0.0059572337,0.43458962,0.5594532
0.003476665,0.66678166,0.32974166
0.00015164027,0.8280739,0.17177449
0.0029426005,0.86021805,0.13683939
0.031985626,0.63456357,0.3334508
0.0007545351,0.8913816,0.10786381
0.025299191,0.21951523,0.7551856
0.0024721508,0.8942372,0.10329051
0.04945843,0.5382749,0.41226667
0.013062097,0.74445504,0.2424829
0.012591869,0.39511245,0.5922957
0.018523585,0.36351755,0.6179589
0.022259379,0.52814776,0.4495929
0.055189833,0.49886152,0.44594857
0.028148172,0.8416441,0.13020764
0.054940592,0.41649625,0.52856314
0.02020267,0.3606009,0.6191965
0.00012166526,0.8748258,0.12505254
0.0027207015,0.520816,0.47646323
0.06569118,0.49039537,0.44391346
0.0016534975,0.6110012,0.38734534
0.019895015,0.42369744,0.5564075
0.18414758,0.3912587,0.42459372
0.008978217,0.4283031,0.5627187
0.03550842,0.20593743,0.75855416
0.0065182284,0.360986,0.63249576
0.008048254,0.15679863,0.83515316
0.067703046,0.43381563,0.4984813
0.026472991,0.69086,0.28266698
0.00069350086,0.9633896,0.03591685
0.030293128,0.43729118,0.5324157
0.36685312,0.20689236,0.4262545
0.32403678,0.19792476,0.47803837
0.006249456,0.34534055,0.64841
0.040678293,0.3870689,0.5722528
0.0025435376,0.9360058,0.06145062
0.08122088,0.27347913,0.6453
0.04443132,0.54793906,0.4076296
0.05397639,0.8208306,0.12519301
0.014062174,0.7890979,0.19683985
0.005688375,0.64671516,0.34759656
0.15029147,0.22873506,0.62097347
0.0033963732,0.7201188,0.27648482
0.015795475,0.70737535,0.27682915
0.0015919519,0.3956949,0.60271317
0.0048545254,0.5506559,0.44448963
0.021555258,0.5929582,0.38548654
0.00055624003,0.89427984,0.10516388
0.00030656316,0.7652526,0.23444076
0.02499087,0.9111497,0.06385946
0.0024153225,0.6516913,0.34589335
0.0011342037,0.6852474,0.31361833
0.029121235,0.6682392,0.30263957
0.0021921357,0.5866683,0.4111395
0.059472233,0.6293784,0.3111494
0.013029621,0.6477435,0.3392269
0.016890462,0.8631496,0.119959965
0.060160827,0.6705271,0.2693121
0.0006502713,0.8073463,0.19200341
0.0013321734,0.78251654,0.21615124
0.0076336493,0.6032443,0.389122
0.12897134,0.49155718,0.37947154
0.04398378,0.6551018,0.30091453
0.061002623,0.18318976,0.7558076
0.0017813975,0.6159176,0.38230103
0.1457843,0.21233653,0.64187914
0.27696976,0.044268303,0.6787619
0.009269662,0.37978008,0.6109503
0.0008076324,0.8604286,0.1387638
0.020721104,0.5778798,0.4013991
0.002041784,0.6427879,0.35517034
0.019406617,0.64795667,0.3326367
0.0027851406,0.8299838,0.1672311
0.078486666,0.18347253,0.73804075
0.00053872995,0.57491857,0.42454273
0.016869076,0.6805774,0.30255345
0.01112957,0.47454065,0.5143298
0.0006564009,0.42038408,0.5789595
0.0034677915,0.89335275,0.10317942
0.05295882,0.6995473,0.24749385
0.0009869235,0.9794763,0.019536851
0.107319556,0.044728033,0.84795237
0.19026402,0.2612911,0.54844487
0.007020396,0.8508634,0.14211617
0.16721235,0.2279946,0.604793
0.020236861,0.007411777,0.9723513
0.009516729,0.6918011,0.29868227
0.010238719,0.4503175,0.53944373
0.0073776105,0.6943965,0.2982259
0.00074432534,0.29110768,0.708148
0.004900745,0.28005108,0.71504813
0.0012678327,0.78550136,0.21323073
0.03443287,0.7514496,0.21411757
0.0022234514,0.85140586,0.14637071
0.0024066241,0.8123957,0.18519771
0.13599865,0.43274108,0.43126023
0.0003842705,0.49432838,0.5052873
0.0068845884,0.5566586,0.43645674
0.008584069,0.67640483,0.31501105
0.00781765,0.9617356,0.030446753
0.084795795,0.6250089,0.2901953
0.010387678,0.56650066,0.42311174
0.0020462447,0.9780572,0.019896552
0.021819757,0.86913145,0.109048806
0.10999419,0.75034815,0.1396577
0.0018007165,0.74055314,0.25764614
0.020526025,0.78878534,0.19068867
0.0049994118,0.83019507,0.16480556
0.007539326,0.5582399,0.4342208
0.0074801166,0.812514,0.18000591
0.006562964,0.46262953,0.53080755
0.0025365555,0.96873516,0.028728278
0.0011418447,0.97867113,0.020187123
0.031709295,0.35433412,0.6139566
0.029704219,0.71597207,0.25432372
0.06198755,0.12991972,0.8080928
0.070287906,0.19069052,0.7390216
0.032153554,0.923374,0.04447238
0.123272724,0.4857173,0.39101005
0.014110864,0.34207734,0.6438117
0.12507576,0.009774269,0.8651499
0.031043448,0.35214737,0.6168092
0.0038561882,0.74016935,0.2559744
0.013758047,0.24238616,0.74385583
0.07658953,0.5713392,0.35207126
0.00041216947,0.22302917,0.77655876
0.0021210418,0.43072405,0.56715494
0.017202664,0.7988943,0.183903
0.121398345,0.742164,0.13643758
0.16498671,0.4576646,0.37734863
0.0015038821,0.4450327,0.55346346
0.022500457,0.16562034,0.8118792
0.025750542,0.1797068,0.7945427
0.0014084536,0.76166284,0.23692869
0.043816775,0.67145944,0.28472376
0.04100252,0.66913176,0.28986567
0.0031449592,0.4821524,0.5147026
0.019751953,0.5566902,0.42355785
0.011807058,0.8442962,0.14389673
0.011354399,0.3798312,0.6088144
0.016154045,0.73658997,0.24725603
0.0023703342,0.6054795,0.39215016
0.0006552102,0.9295562,0.069788575
0.005529234,0.48267612,0.51179457
0.0019416815,0.85780966,0.14024861
0.05391017,0.34705088,0.5990389
0.00429931,0.7413206,0.25438014
0.14855732,0.18525779,0.66618496
0.009057222,0.8534747,0.13746817
0.22170004,0.32451427,0.4537857
0.036995936,0.42359078,0.5394133
0.003759243,0.5348968,0.46134394
0.016240243,0.2470274,0.7367323
0.001175264,0.9298381,0.06898664
0.008617518,0.29952362,0.6918588
0.094046056,0.07166427,0.83428967
0.0023297127,0.62621444,0.37145594
0.008592129,0.9555669,0.03584109
0.020547923,0.8641574,0.11529476
0.00245526,0.97508687,0.022457967
0.18595697,0.6560783,0.15796484
0.01911121,0.69539565,0.28549314
0.041738696,0.3034233,0.654838
0.0021399392,0.7858688,0.2119913
0.06905203,0.76502734,0.16592064
0.0006874442,0.93136,0.06795253
0.08674932,0.6785202,0.23473053
0.17454873,0.4431758,0.38227543
0.008210754,0.8250748,0.16671455
0.0030094872,0.48034102,0.51664954
0.025241183,0.5013387,0.47342002
0.047671355,0.6256802,0.32664844
0.0076624504,0.7661695,0.22616808
0.018727966,0.65569,0.3255821
0.13463198,0.5928202,0.27254778
0.009171652,0.6118497,0.37897852
0.0011926399,0.82233006,0.17647733
0.0916017,0.48393083,0.4244675
0.014618052,0.8880162,0.09736568
0.043319456,0.88544184,0.071238704
0.5604717,0.114730455,0.3247978
0.013944311,0.2957077,0.69034797
0.0048700147,0.4564981,0.5386319
0.0035074921,0.80674285,0.18974972
0.009847776,0.13123433,0.8589179
0.0050981226,0.5479219,0.44697997
0.0038732328,0.14538738,0.8507394
0.007565924,0.7108972,0.28153685
0.0027597712,0.29027575,0.7069645
0.0041550123,0.6561116,0.3397334
0.018971503,0.45675668,0.5242718
0.015857816,0.87137556,0.11276663
0.0020194557,0.80223095,0.1957496
0.031046098,0.78469515,0.18425874
0.018749317,0.37988737,0.6013633
0.0013188425,0.697546,0.30113518
0.014558513,0.21121243,0.7742291
0.14520256,0.12453876,0.7302587
0.00631331,0.3857959,0.6078908
0.11371188,0.66485786,0.22143027
0.030263929,0.85324514,0.11649099
0.02017899,0.5162453,0.46357566
0.20917918,0.6851137,0.1057071
0.002879232,0.4687138,0.528407
0.0066984203,0.43739042,0.55591124
0.071776666,0.34292305,0.58530027
0.0021540155,0.5992142,0.3986318
0.015493649,0.7895024,0.19500396
0.008023138,0.9467958,0.045181084
0.007055149,0.3847144,0.6082305
0.0034911481,0.6279475,0.36856133
0.017072205,0.6733078,0.30962005
0.0019434368,0.22387348,0.7741831
0.007334081,0.42969686,0.562969
0.013897804,0.86358553,0.12251669
0.003309587,0.57418865,0.4225018
0.008520504,0.7318683,0.2596112
0.000792579,0.4894679,0.5097395
0.010274271,0.74846596,0.24125978
0.016868176,0.08595791,0.8971739
0.07552102,0.420816,0.503663
0.01132414,0.56008655,0.4285893
0.040639453,0.6654162,0.2939443
0.036979645,0.3996335,0.56338686
0.01377486,0.83812904,0.14809614
0.012700603,0.8106842,0.17661521
0.0012535371,0.887945,0.11080151
0.034676746,0.30437458,0.66094875
0.07883282,0.44999054,0.47117668
0.016779983,0.6426919,0.34052813
0.092656605,0.4153612,0.49198222
0.025165293,0.39926633,0.57556844
0.04279112,0.66325027,0.29395863
0.0085247345,0.33395997,0.6575153
0.031879656,0.8755918,0.092528604
0.0008285099,0.7512292,0.24794221
0.0020556592,0.9385099,0.059434433
0.00468069,0.04307621,0.95224315
0.023232935,0.49572507,0.48104203
0.005357172,0.8318335,0.16280942
0.0035087194,0.18924521,0.807246
0.007869746,0.2621717,0.7299586
0.002057004,0.82516617,0.17277682
0.0145164905,0.49794456,0.4875389
0.010726036,0.5492592,0.44001475
0.04031183,0.15550691,0.8041813
0.015627816,0.4635267,0.5208455
0.06571055,0.22961377,0.7046756
0.0072289533,0.6660955,0.32667562
0.03567346,0.6764684,0.2878582
0.08519304,0.36365563,0.55115134
0.018259631,0.7093177,0.27242267
0.023322197,0.14904638,0.8276314
0.026500357,0.7342568,0.23924278
0.02421831,0.8005434,0.17523831
0.028744537,0.85582453,0.11543089
0.0021391513,0.28692043,0.7109404
0.00818472,0.8707855,0.121029824
0.0059990417,0.55031854,0.44368234
0.0050357827,0.9597639,0.035200335
0.0052752695,0.41547072,0.57925403
0.021458909,0.7007249,0.2778162
0.00025240247,0.9651869,0.03456072
0.002669879,0.37613696,0.6211931
0.03629237,0.78741467,0.17629296
0.07020838,0.8626906,0.06710104
0.012179456,0.43905893,0.5487616
0.017458174,0.64932853,0.3332133
0.01165774,0.95421225,0.034130007
0.0682364,0.31873778,0.6130258
0.010936999,0.572243,0.41682005
0.015328625,0.6735436,0.3111278
0.0015863191,0.6576678,0.34074584
0.0033855014,0.58884495,0.4077696
0.0027030252,0.3511651,0.64613193
0.00018099061,0.99390185,0.005917147
0.0023690509,0.6928729,0.30475807
0.08631126,0.16097264,0.7527161
0.053412035,0.27058673,0.67600125
0.014420977,0.9177316,0.06784751
0.005694011,0.26081637,0.7334896
0.033795256,0.020333337,0.9458714
0.0033334147,0.65834934,0.33831725
0.0036848427,0.7372065,0.25910866
0.06282204,0.46022516,0.47695276
0.002569553,0.91120243,0.08622791
0.044147316,0.4248887,0.530964
0.011297159,0.77482724,0.21387556
0.03597499,0.6904012,0.27362385
0.00079148187,0.47711477,0.5220937
0.14682986,0.35539296,0.49777713
0.0145938825,0.37473175,0.6106743
0.0056628147,0.96462727,0.029709982
0.05448919,0.523938,0.42157286
0.021520823,0.3693245,0.60915464
0.0019862328,0.7697129,0.22830077
0.013416614,0.16096812,0.8256153
0.0022524823,0.45840585,0.5393416
0.09067985,0.7964927,0.11282746
0.0083687855,0.3193119,0.67231935
0.13572773,0.38487515,0.47939712
0.013820373,0.79031897,0.19586074
0.008732786,0.28284612,0.70842105
0.004736988,0.66132075,0.33394217
0.036994778,0.68702185,0.27598345
0.008350069,0.4458281,0.5458218
0.0016309127,0.9669794,0.031389736
0.00653693,0.5411791,0.4522839
0.042203322,0.7777304,0.18006635
0.030296864,0.38472575,0.5849773
0.007871149,0.66116506,0.33096388
0.0005384463,0.5240269,0.47543472
0.0007392198,0.53687173,0.46238905
0.015492165,0.4201595,0.5643484
0.00034346918,0.49264812,0.5070084
0.037460905,0.8403564,0.12218279
0.0061738994,0.70711076,0.28671533
0.0334482,0.47015417,0.49639764
0.28807354,0.56072015,0.15120642
0.0061834687,0.4985954,0.49522108
0.090295896,0.26155534,0.6481487
0.0012734309,0.5538547,0.44487184
0.0015459786,0.6691822,0.32927185
0.00043715394,0.98673403,0.012828864
0.0017889092,0.92501,0.0732011
0.029598162,0.15648295,0.8139189
0.017416544,0.38340124,0.5991822
0.088403694,0.53692406,0.37467226
0.0016787259,0.20275484,0.7955665
0.0045211324,0.5015221,0.4939568
0.19188297,0.46063533,0.3474817
0.0006590497,0.4042288,0.5951121
0.0060847136,0.87734604,0.11656931
0.00015109485,0.92691225,0.07293668
0.010135122,0.86494166,0.12492325
0.09646219,0.24296997,0.6605679
0.00023385031,0.9529263,0.04683981
0.004665256,0.84316754,0.15216725
0.03573251,0.50739443,0.45687306
0.05108275,0.59211016,0.35680714
0.0025262358,0.5594169,0.4380569
0.0028336297,0.8335915,0.16357492
0.016746882,0.58928204,0.39397112
0.31924692,0.33405432,0.3466987
0.03276229,0.53671765,0.43052012
0.034375843,0.77851653,0.18710761
0.022200499,0.3676545,0.61014503
0.038160987,0.7043832,0.25745586
0.014920924,0.52533376,0.45974526
0.036762502,0.7692075,0.19403005
0.0130936215,0.6423185,0.34458792
0.03555436,0.5134147,0.45103088
0.0027677047,0.5343919,0.46284038
0.08925097,0.37624863,0.5345004
0.012365375,0.52642894,0.4612057
0.19625567,0.54388946,0.25985485
0.03001283,0.5754676,0.39451954
0.009222884,0.5678262,0.42295092
0.105049275,0.31793043,0.5770203
0.003451583,0.68174964,0.3147988
0.22448242,0.4764396,0.29907802
0.07664776,0.48463258,0.43871975
0.009006227,0.37465525,0.61633855
0.013101933,0.3896635,0.5972346
0.056071356,0.5637965,0.3801321
0.07187247,0.63316154,0.29496595
0.008189555,0.32650754,0.6653029
0.094392754,0.76421523,0.141392
0.007686033,0.2948955,0.69741845
0.0038923938,0.93653077,0.059576813
0.0023548338,0.98486704,0.012778174
0.0018176114,0.39132106,0.60686135
0.005281157,0.6027895,0.39192933
0.020112619,0.7262095,0.25367787
0.009813442,0.51086146,0.47932503
0.27291,0.34884596,0.378244
0.002479968,0.7102216,0.28729844
0.0511231,0.3660287,0.5828482
0.0061884555,0.7763573,0.21745424
0.21596067,0.43179902,0.35224032
0.061200153,0.10734291,0.8314569
0.073283516,0.7130978,0.21361871
0.07002346,0.4891515,0.440825
0.05484023,0.85054535,0.09461449
0.38004762,0.1692843,0.45066804
0.02320796,0.8002882,0.17650387
0.0028250748,0.5656221,0.43155283
0.029676361,0.7717551,0.19856854
0.018376563,0.55046487,0.43115857
0.0006932506,0.72779304,0.27151376
0.008921773,0.8781616,0.11291664
0.062891446,0.7720751,0.16503336
0.004893331,0.83829075,0.15681586
0.00085316884,0.8095969,0.18954998
0.05183584,0.32592946,0.62223476
0.00022555667,0.58517146,0.414603
0.015240908,0.67629427,0.30846485
0.083679505,0.7202929,0.19602753
0.0124048535,0.95155823,0.03603696
0.010316228,0.8485898,0.14109395
0.10230729,0.07405888,0.8236338
0.002935141,0.5885808,0.40848404
0.06042718,0.87757593,0.0619968
0.007329371,0.7691418,0.22352883
0.017989472,0.55705243,0.42495814
0.013702434,0.43008244,0.55621517
0.08049842,0.63291466,0.28658688
0.0055586933,0.83357227,0.16086894
0.00558095,0.5471249,0.4472941
0.049971715,0.124105476,0.8259228
0.009239684,0.85163,0.13913034
0.0831181,0.5107955,0.4060864
0.01756736,0.32670733,0.6557253
0.0064350846,0.47052693,0.52303797
0.00041807193,0.96596766,0.03361422
0.011890049,0.5284377,0.45967227
0.017793098,0.66120493,0.321002
0.015405137,0.4496463,0.5349486
0.014947728,0.7855449,0.19950747
0.005307452,0.85108095,0.14361165
0.0024523207,0.8015164,0.19603132
0.031841915,0.3859093,0.5822488
0.006085579,0.33210972,0.66180474
0.0045628576,0.7803521,0.21508503
0.0074198795,0.52460533,0.46797478
0.0024170973,0.60625917,0.39132375
0.0017491571,0.58697397,0.4112769
0.1070192,0.1803691,0.7126117
0.010267661,0.92748433,0.062248003
0.004194537,0.28805995,0.70774555
0.024239624,0.9104539,0.06530647
0.027995829,0.49798185,0.47402233
0.09023327,0.35759598,0.5521707
0.010334552,0.61053693,0.37912843
0.0029195824,0.9530812,0.043999232
0.10604181,0.1682872,0.725671
0.018271774,0.55646324,0.42526492
0.0021538562,0.92084956,0.07699656
0.004778836,0.7529606,0.24226049
0.027369136,0.55370915,0.4189217
0.0042341063,0.8194331,0.1763328
0.01897757,0.34462672,0.6363957
0.02950508,0.44170755,0.5287874
0.009123021,0.8724788,0.11839815
0.45198742,0.13982505,0.40818754
0.0034826945,0.73135215,0.26516512
0.0025806753,0.66345906,0.33396024
0.015471339,0.7958664,0.18866238
0.029117702,0.64657825,0.324304
0.08116513,0.7524943,0.16634066
0.01409587,0.2667318,0.71917236
0.030780297,0.7416333,0.22758646
0.055043485,0.48895472,0.45600182
0.004318808,0.9068281,0.088853076
0.0047712913,0.7588695,0.23635921
0.00053222623,0.8566933,0.14277455
0.019876005,0.23625472,0.7438693
0.0027310718,0.86718863,0.13008028
0.0034941565,0.7175269,0.27897894
0.008699573,0.6107998,0.38050064
0.030314488,0.7949493,0.17473623
0.46949816,0.18992709,0.34057477
0.023229469,0.43994007,0.5368305
0.03636692,0.29452986,0.66910315
0.03225634,0.65400857,0.3137351
0.006627697,0.72935694,0.26401526
0.084717385,0.67014563,0.24513699
0.001238162,0.23234051,0.76642126
0.012351273,0.7280944,0.2595543
0.25527805,0.4807508,0.26397115
0.02723317,0.93435067,0.03841608
0.023485066,0.45109704,0.52541786
0.35685024,0.29076818,0.3523816
0.0050809532,0.9837397,0.011179312
0.00937145,0.8341733,0.15645525
0.011719166,0.59265655,0.39562422
0.0033066843,0.43362927,0.56306404
0.2602121,0.62842023,0.11136768
0.02203221,0.6828158,0.29515192
0.00019794279,0.6468282,0.35297388
0.0023764677,0.4201773,0.57744616
0.015965965,0.9215289,0.06250518
0.0036389562,0.82696736,0.16939367
0.03753266,0.48129037,0.48117694
0.025766311,0.53265506,0.44157857
0.0074184905,0.7152584,0.27732307
0.014718442,0.70890546,0.27637607
0.0020711767,0.3832279,0.6147009
0.06537396,0.48776597,0.4468601
0.016881721,0.39084202,0.5922762
0.006618386,0.39645302,0.5969286
0.0054179593,0.40043554,0.59414655
0.09640028,0.37459934,0.52900034
0.16522244,0.31544554,0.51933205
0.0069956505,0.6851833,0.30782104
0.003883602,0.34374195,0.65237445
0.027474275,0.43828163,0.5342441
0.00015549024,0.64778745,0.352057
0.0060706544,0.65829754,0.3356318
0.28317344,0.10764097,0.6091855
0.008114023,0.913382,0.07850395
0.07789023,0.22727877,0.694831
0.098285876,0.40131545,0.5003987
0.05130935,0.65347105,0.2952196
0.006782473,0.6950192,0.29819828
0.015013283,0.29972103,0.6852657
0.057675824,0.2786345,0.66368973
0.0035997694,0.85856277,0.13783748
0.008194987,0.21257861,0.7792264
0.06484513,0.37832966,0.55682516
0.0012334645,0.98307216,0.015694354
0.3418897,0.12378223,0.5343281
0.06270975,0.3050386,0.6322516
0.4026804,0.2699893,0.32733026
0.01205792,0.6041084,0.3838337
0.0045529064,0.8745062,0.12094092
0.003939101,0.56206673,0.43399423
0.023786478,0.6919984,0.28421512
0.038216062,0.27934608,0.68243784
0.0004897435,0.8905484,0.1089619
0.013970048,0.54749906,0.43853083
0.028633391,0.42811108,0.54325557
0.0034159666,0.84820336,0.14838074
0.027758287,0.44705027,0.5251915
0.0022372706,0.8082695,0.18949328
0.0039548595,0.8629229,0.13312222
0.006727523,0.72905225,0.2642202
0.021632278,0.3369748,0.64139295
0.0048430935,0.61137635,0.3837806
0.0011193514,0.5237249,0.47515568
0.0062317466,0.40192115,0.5918471
0.013214171,0.5216055,0.46518037
0.090800256,0.42941856,0.4797812
0.022559067,0.21214935,0.7652916
0.013690802,0.49055862,0.4957506
0.00018943414,0.68026435,0.31954616
0.0012512186,0.98137337,0.017375378
0.004220477,0.2778289,0.7179506
0.24900824,0.08101554,0.66997623
0.0028496585,0.5845868,0.41256347
0.024699703,0.44991034,0.52539
0.0009974376,0.43768346,0.5613191
0.0062406925,0.14815255,0.8456067
0.0006786811,0.45979163,0.53952974
0.048211966,0.21450609,0.7372819
0.0013337962,0.7325268,0.26613948
0.001996862,0.3330911,0.66491205
0.056931347,0.18112405,0.76194465
0.0049551376,0.8032205,0.19182429
0.0030003712,0.5410809,0.45591876
0.016045805,0.3306883,0.6532659
0.0016210235,0.41976947,0.5786095
0.23238413,0.104944624,0.6626712
0.06339882,0.6460978,0.2905034
0.009203756,0.17273681,0.81805944
0.10721981,0.29792458,0.59485555
0.043075033,0.3752237,0.5817013
0.042649776,0.5242054,0.43314484
0.04432784,0.21304652,0.74262565
0.012756132,0.7620965,0.22514738
0.0058166026,0.77384186,0.22034156
0.0023461706,0.70472336,0.29293054
0.005129726,0.4345461,0.5603242
0.049654048,0.21251123,0.7378347
0.015186577,0.39339352,0.5914198
0.010974298,0.44634283,0.5426828
0.013049197,0.9218427,0.065108135
0.021076582,0.37613603,0.6027874
0.0075087766,0.35976136,0.6327298
0.0012180689,0.85422343,0.14455852
0.14092018,0.5377306,0.32134923
0.0015892464,0.9829653,0.015445393
0.009072498,0.38227266,0.60865486
0.01967417,0.41027668,0.57004917
0.07254744,0.12141269,0.8060399
0.05359961,0.5056763,0.44072405
0.021700634,0.52370447,0.45459494
0.0011929703,0.22513269,0.7736743
0.17956716,0.7664843,0.05394848
0.014467189,0.29951733,0.6860155
0.030441314,0.804169,0.16538957
0.06272213,0.65895045,0.27832738
0.032311782,0.82284445,0.1448438
0.07090346,0.8060053,0.12309127
0.00997437,0.8497763,0.14024928
0.0028241908,0.8278528,0.1693231
